tree
version=v4
num_class=1
num_tree_per_iteration=1
label_index=0
max_feature_idx=51
objective=binary sigmoid:1
feature_names=Column_0 Column_1 Column_2 Column_3 Column_4 Column_5 Column_6 Column_7 Column_8 Column_9 Column_10 Column_11 Column_12 Column_13 Column_14 Column_15 Column_16 Column_17 Column_18 Column_19 Column_20 Column_21 Column_22 Column_23 Column_24 Column_25 Column_26 Column_27 Column_28 Column_29 Column_30 Column_31 Column_32 Column_33 Column_34 Column_35 Column_36 Column_37 Column_38 Column_39 Column_40 Column_41 Column_42 Column_43 Column_44 Column_45 Column_46 Column_47 Column_48 Column_49 Column_50 Column_51
feature_infos=[0:5.7999999999999998] [0:4.5999999999999996] [-1.8976489458107704:3.1735085387615931] [-1.7093103641375036:3.1217557487684418] [0:4.7000000000000002] [0:4] [0:5.2000000000000002] [0:5.4000000000000004] [-1.9376101270182389:2.7864516693993004] [-1.6074270233134855:3.2536277707140711] [0:4.0999999999999996] [0:3.7999999999999998] [1.3999999999999999:21] [1.0700000000000001:51] [0:5] [0:1] [0:1] [0:7] [0:8] [0.041538461065039278:48.113182281394536] [0.045442159216246024:0.65509518477043671] [0.33333333333333337:0.92649062479724908] [0.44940426470483918:1.5849625007211561] [0:1] [0:1] [0:1] [0:1] [0:1] [1312.3228655961636:1847.0314279587838] [1312.67132217023:1839.6206411975857] [-434.39128081272111:447.17462819242542] [0:5.3596758976042711] [0:5.0540151910247415] [0:5.5955546776145217] [0:5.0978665099606086] [-26.48006720631497:29.102405444366376] [-26.48006720631497:22.697200462555656] [-23.974773777678138:32.479167768446999] [-23.974773777678138:26.48006720631497] [0:6.3068941333056143] [0:6] [0:5.9999999999999991] [0:5.9603411999584228] [0:5.0595604910744862] [0:6] [0:5.1225389116278208] [0:4.4826782551678148] [0:1] [0:1] [0:1] [0:1] [0:1]
tree_sizes=1726 1855 1864 1875 1872 1862 1869 1871 1857 1869 1868 1865 1866 1865 1856 1869 1864 1863 1872 1857 1875 1870 1875 1870 1885 1770 1883 1869 1856 1863 1869 1759 1850 1862 1748 1640 1886 1874 1853 1634 1766 1886 1878 1848 1861 1872 1884 1773 1857 1880 1865 1868 1856 1875 1739 1879 1760 1630 1759 1867 1766 1757 1880 1547 1846 1752 1764 1868 1760 1755 1751 1872 1655 1885 1761 1843 1869 1550 1864 1755 1750 1748 1872 1751 1734 1746 1748 1751 1633 1865 1765 1748 1753 1869 1755 1862 1867 1409 1871 1746 1884 1864 1876 1418 1855 1215 1860 1629 1857 1866 1849 1865 1861 1745 1520 1863 1831 890 1422 1866 1307 1859 1208 1206 1867 1090 1409 1849 1850 1097 991 995 1834 1528 1850 1860 1538 1198 999 1762 1842 1540 1852 993 1104 1734 1416 1191 1203 1748

Tree=0
num_leaves=15
num_cat=0
split_feature=12 16 12 12 22 16 12 16 18 3 31 41 17 11
split_gain=834.343 221.453 90.3482 84.3643 62.0618 59.2266 52.8916 48.8041 31.63 16.9386 16.3103 15.2129 13.723 4.86162
threshold=4.3350000000000009 1.0000000180025095e-35 3.5450000000000004 3.6250000000000004 0.83834819982922015 0.55000000000000016 3.0050000000000003 1.0000000180025095e-35 0.29165000000000002 -1.0360743495330642 2.3484342572050934 0.17949479266820553 4.4500000000000011 1.3166666666666669
decision_type=2 2 2 2 2 2 2 2 2 2 2 2 2 2
left_child=1 3 5 6 12 -3 -1 9 -4 -6 -5 -9 13 -2
right_child=4 2 8 10 7 -7 -8 11 -10 -11 -12 -13 -14 -15
leaf_value=-0.36334252243216858 -0.41753722803974608 -0.36559103305359553 -0.38965923162950128 -0.38113759834873251 -0.35417076328177366 -0.35857713003828562 -0.3735822348862296 -0.3508183932625662 -0.37028671909787408 -0.39410055369227276 -0.39614049154993053 -0.38403295316606445 -0.36638780224072048 -0.40532167680075115
leaf_weight=533.11870430409908 36.95838774740696 4118.0823158025742 78.74793729186058 834.10008426010609 9.662323594093321 1470.6056510210037 3058.6085337102413 12.561020672321318 2055.1762284636497 796.41702224314213 70.776520326733589 942.3181085139513 7.4883007854223242 147.35043480992317
leaf_count=1682 150 13147 283 2879 29 4523 10172 37 6722 2921 262 3298 24 568
internal_value=-0.371742 -0.368832 -0.36575 -0.374125 -0.389951 -0.363745 -0.372062 -0.388185 -0.371002 -0.393621 -0.382312 -0.383596 -0.406158 -0.407775
internal_weight=0 12219.2 7722.61 4496.6 1952.76 5588.69 3591.73 1760.96 2133.92 806.079 904.877 954.879 191.797 184.309
internal_count=46697 39670 24675 14995 7027 17670 11854 6285 7005 2950 3141 3335 742 718
is_linear=0
shrinkage=1


Tree=1
num_leaves=16
num_cat=0
split_feature=21 22 21 22 19 18 21 2 14 44 37 35 38 17 19
split_gain=794.457 109.692 108.584 34.6667 30.6196 28.0985 28.1145 25.0527 20.3936 18.5582 17.5388 15.751 13.8668 13.0776 11.9218
threshold=0.61790482542189507 1.1295787205333352 0.44695078874723693 0.83834819982922015 1.7852062212421858 2.5500000000000003 0.51711437307952524 0.24316952491005495 3.5000000000000004 1.2443304170410392 -4.9392878880176561 -2.5797467537733834 -2.7300631192073292 4.4500000000000011 1.8333157229381545
decision_type=2 2 2 2 2 2 2 2 2 2 2 2 2 2 2
left_child=2 3 4 13 7 6 -4 -1 -7 -5 12 -12 -3 -2 -6
right_child=1 10 5 9 14 8 -8 -9 -10 -11 11 -13 -14 -15 -16
leaf_value=0.0072734993605639668 -0.035199376890623781 -0.012718605815448803 0.0032880233477902074 -0.016668360686659209 0.033394760626808885 0.0027511978849810415 -0.00092875814934297691 0.0018538993711409966 -0.011279140488483174 -0.026061230757766729 -0.0029547716330607307 -0.010324326228930368 -0.030690588277802501 0.0051887564574007389 0.0069853685372853226
leaf_weight=4325.4633631706238 183.03436589241028 117.64054509997368 2992.4009177535772 625.3654141575098 52.71859373152256 138.14709174633026 2713.1505791991949 933.48083363473415 286.60269829630852 271.85395604372025 342.1284601688385 1102.7769546210766 57.625326886773109 7.4956201612949362 21.77413621544838
leaf_count=13704 718 414 9683 2246 144 449 8982 3042 999 1019 1148 3836 220 24 69
internal_value=0 -0.014615 0.00345196 -0.0219842 0.00658221 0.00072856 0.00128277 0.00631156 -0.0067152 -0.019515 -0.00966718 -0.00857958 -0.0186307 -0.0336087 0.0256813
internal_weight=0 2707.92 11463.7 1087.75 5333.44 6130.3 5705.55 5258.94 424.75 897.219 1620.17 1444.91 175.266 190.53 74.4927
internal_count=46697 9625 37072 4007 16959 20113 18665 16746 1448 3265 5618 4984 634 742 213
is_linear=0
shrinkage=0.03


Tree=2
num_leaves=16
num_cat=0
split_feature=20 20 21 20 20 19 20 35 43 8 8 37 4 5 41
split_gain=770.097 132.238 83.3145 44.027 29.6361 26.8541 23.1205 27.4211 21.4654 23.0167 20.2404 18.5084 15.4352 10.5396 10.168
threshold=0.22529138970203574 0.2776058584040717 0.73672442618184475 0.2973230745935484 0.35857726624008895 16.964282318063326 0.2616298671768415 -6.652169723462861 2.0330846338388016 -0.66908291862499614 -0.22692031734622953 -3.237334624468803 3.0500000000000003 0.95000000000000007 0.37853718489586402
decision_type=2 2 2 2 2 2 2 2 2 2 2 2 2 2 2
left_child=2 6 8 11 -5 14 7 -2 10 -10 -1 -3 -8 -7 -4
right_child=1 3 5 4 -6 13 12 -9 9 -11 -12 -13 -14 -15 -16
leaf_value=-0.0043899354674305563 0.011537045561455957 0.00019339359996028678 -0.0057156601575823317 0.0089731014834984017 0.035123546446906517 -0.040652623052643909 0.0015960130329143898 -0.0033068941412106958 -0.040344811163232547 -0.015292231260845141 -0.012362782629069204 0.005192229396912891 -0.034189349130928949 -0.019828492812305216 -0.021703666049496771
leaf_weight=443.76124575734138 117.79072892665863 821.20893423259258 37.924006700515747 2180.2312642782927 39.714054673910141 96.755956873297691 2749.6277602910995 2272.8961840420961 36.774215579032898 323.35298503935337 809.81387509405613 3543.8732029795647 10.880119442939757 28.386105880141258 657.97438107430935
leaf_count=1506 366 2695 130 6826 107 392 8971 7627 147 1157 2856 11334 42 105 2436
internal_value=0 0.00318485 -0.0153548 0.00600136 0.00944122 -0.0231353 -0.000415584 -0.00257535 -0.0113959 -0.0178523 -0.00954072 0.00425186 0.00145474 -0.0359334 -0.0208329
internal_weight=0 11736.2 2434.74 6585.03 2219.95 821.04 5151.19 2390.69 1613.7 360.127 1253.58 4365.08 2760.51 125.142 695.898
internal_count=46697 37968 8729 20962 6933 3063 17006 7993 5666 1304 4362 14029 9013 497 2566
is_linear=0
shrinkage=0.03


Tree=3
num_leaves=16
num_cat=0
split_feature=21 16 22 16 14 12 21 16 12 22 19 16 36 45 35
split_gain=708.432 189.126 99.3046 68.1936 67.138 45.2541 41.2075 40.8459 32.22 31.9579 26.0181 17.8673 13.9971 12.706 12.3619
threshold=0.61790482542189507 1.0000000180025095e-35 1.1295787205333352 0.55000000000000016 4.5000000000000009 3.2450000000000006 0.44715638091092047 1.0000000180025095e-35 3.1350000000000002 0.83834819982922015 2.3099714142784511 1.0000000180025095e-35 -7.8150392751877682 0.78910129379388416 -1.3446404657667699
decision_type=2 2 2 2 2 2 2 2 2 2 2 2 2 2 2
left_child=1 4 9 5 8 -3 -5 14 -1 13 -6 -11 -9 -2 -4
right_child=2 3 7 6 10 -7 -8 12 -10 11 -12 -13 -14 -15 -16
leaf_value=0.0073232733550003494 -0.018818157307069698 0.0086198729646176434 -0.0091376758031541435 0.015722653374802897 -0.0040955414854715157 0.0026728356372465599 0.0067429965058706867 0.032786671570764814 -0.00058997470196385277 -0.022892192224934819 -0.012667906988255805 -0.014386050601019414 -0.0054980978966406146 -0.036720148468589259 -0.017781223467427384
leaf_weight=662.6357628852129 48.060944586992264 1655.8580558001995 225.74567666649818 906.24354620277882 1600.4609246551991 3782.3178953081369 934.31234553456306 8.6619230508804304 1537.4635317027569 433.2440472394228 397.9379800260067 457.17184878885746 941.08001163601875 139.84314565360546 438.80254004895687
leaf_count=2089 179 5183 786 2724 5376 12262 2962 24 5077 1623 1399 1642 3213 563 1595
internal_value=0 0.00324832 -0.0138497 0.00617313 -0.00182222 0.0044837 0.0111646 -0.00914061 0.00179326 -0.0208991 -0.00580275 -0.0185254 -0.00514827 -0.0321441 -0.0148457
internal_weight=0 11477.2 2692.61 7278.73 4198.5 5438.18 1840.56 1614.29 2200.1 1078.32 1998.4 890.416 949.742 187.904 664.548
internal_count=46697 37072 9625 23131 13941 17445 5686 5618 7166 4007 6775 3265 3237 742 2381
is_linear=0
shrinkage=0.03


Tree=4
num_leaves=16
num_cat=0
split_feature=21 16 21 16 14 16 21 28 21 9 19 21 43 16 44
split_gain=668.159 177.711 94.4427 63.9213 63.2403 49.3244 38.5538 28.4424 28.1805 25.2033 24.9962 19.5865 19.0132 12.7115 10.1776
threshold=0.61790482542189507 1.0000000180025095e-35 0.73672442618184475 0.55000000000000016 4.5000000000000009 0.36665000000000009 0.44715638091092047 1403.2635060261607 0.44695078874723693 -1.0378635176331172 16.964282318063326 0.70057704455330139 2.0163702653685713 1.0000000180025095e-35 0.81547538514380391
decision_type=2 2 2 2 2 2 2 2 2 2 2 2 2 2 2
left_child=1 4 5 8 7 11 -5 -1 -3 -6 13 -2 -7 -4 -12
right_child=2 3 10 6 9 12 -8 -9 -10 -11 14 -13 -14 -15 -16
leaf_value=-0.018934295369546276 -0.010960924029254289 0.0066647806041227903 -0.02393690692440785 0.015210175384759658 -0.046102751920779554 0.00037862739894453174 0.0065328039987612484 0.0023016143645961007 0.0023360117908845734 -0.0053538807982777513 -0.043121322866566877 -0.01964540568004924 -0.012903249706644465 -0.015785539061352775 -0.025846824880344996
leaf_weight=58.295702204108238 988.90233486890793 2526.6585854142904 338.65504021942616 908.63733027875423 13.74758444726467 452.98923322558403 935.42560712993145 2142.477340221405 2915.790223300457 1982.4924340993166 61.413899570703506 306.2723248898983 123.40957218408585 351.21715088188648 61.786699086427689
leaf_count=210 3486 7980 1287 2724 56 1505 2962 6956 9465 6719 257 1132 439 1279 240
internal_value=0 0.00314902 -0.013475 0.00598141 -0.00176826 -0.00976592 0.0108087 0.00173888 0.00434571 -0.00563489 -0.0220122 -0.0130149 -0.00246474 -0.0197877 -0.0344632
internal_weight=0 11483.5 2684.65 7286.51 4197.01 1871.57 1844.06 2200.77 5442.45 1996.24 813.073 1295.17 576.399 689.872 123.201
internal_count=46697 37072 9625 23131 13941 6562 5686 7166 17445 6775 3063 4618 1944 2566 497
is_linear=0
shrinkage=0.03


Tree=5
num_leaves=16
num_cat=0
split_feature=20 20 20 15 20 22 20 35 44 25 4 8 45 45 17
split_gain=651.736 114.489 71.3187 43.324 35.2618 30.4683 20.0562 25.76 19.9043 15.2728 14.6606 14.0545 23.6802 14.3331 12.6452
threshold=0.22529138970203574 0.2776058584040717 0.18818280470892171 0.45000000000000007 0.29482461564892043 0.83834819982922015 0.2616298671768415 -6.652169723462861 1.3610762161110397 0.47222222222222227 3.0500000000000003 -0.13777131642618942 0.28285390996984577 3.426815623807633 4.4500000000000011
decision_type=2 2 2 2 2 2 2 2 2 2 2 2 2 2 2
left_child=2 6 5 4 -3 14 7 -2 -5 -7 -8 12 -4 -13 -1
right_child=1 3 11 8 -6 9 10 -9 -10 -11 -12 13 -14 -15 -16
leaf_value=-0.032375225536272069 0.011214023657593691 0.0047264873371591024 0.054976187048811222 0.004392937096109965 0.0097333444253670347 -0.018441041113661343 0.0014397807582782968 -0.0031613956622266685 -0.0028730244861468403 -0.0025729226824414077 -0.033529383487232937 -0.012650964511134158 -0.0062704447429554801 0.015602672114166546 0.0076678482102694769
leaf_weight=177.70394895970821 118.00202733278275 3108.8854840993881 5.7320646345615378 677.12240777909756 2136.0509559363127 902.29444874823093 2752.0676141828299 2270.6356733292341 680.09134961664677 58.156046867370605 10.821901544928549 713.13984924554825 531.48522427678108 16.516885653138161 7.3768132776021949
leaf_count=718 366 9923 14 2168 6610 3344 8971 7627 2261 200 42 2542 1836 51 24
internal_value=0 0.00291401 -0.0142046 0.00552942 0.00676565 -0.0196294 -0.000437834 -0.00245106 0.000751794 -0.0174806 0.00130258 -0.00929912 -0.00561538 -0.0120108 -0.0307773
internal_weight=0 11753.7 2412.41 6602.15 5244.94 1145.53 5151.53 2388.64 1357.21 960.45 2762.89 1266.87 537.217 729.657 185.081
internal_count=46697 37968 8729 20962 16533 4286 17006 7993 4429 3544 9013 4443 1850 2593 742
is_linear=0
shrinkage=0.03


Tree=6
num_leaves=16
num_cat=0
split_feature=20 16 16 12 20 20 16 20 12 16 46 43 26 18 0
split_gain=614.896 168.838 73.7974 70.2691 55.1521 39.9456 38.0692 26.2003 24.3856 23.55 18.1725 14.5515 12.4673 11.9767 8.17896
threshold=0.22529138970203574 0.36665000000000009 1.0000000180025095e-35 3.2150000000000003 0.28057742254983314 0.18818280470892171 1.0000000180025095e-35 0.13619752611536398 2.8850000000000002 0.90000000000000013 0.99942072839535712 2.0490240158766482 0.36666666666666675 3.9000000000000004 4.3000000000000016
decision_type=2 2 2 2 2 2 2 2 2 2 2 2 2 2 2
left_child=2 3 7 8 12 10 -5 14 -2 -6 -4 -7 -3 -9 -1
right_child=1 4 5 6 9 11 -8 13 -10 -11 -12 -13 -14 -15 -16
leaf_value=-0.031043413372976551 0.013714796823516076 0.0022704897310211422 -0.0052779225734127183 -0.0041804234306838332 0.0096888269890143004 -0.0022764297401431763 0.0010614560369864455 -0.018151674899330131 0.0033772835084005955 0.019392224573176384 -0.017893033956522603 -0.012623088086085444 0.0070237097603414117 0.00026820090427934472 0.0010363567746389001
leaf_weight=181.18990378081799 227.79718124866486 1332.9963748753071 133.8998915553093 2880.2907290160656 1985.4500704109669 585.79078154265881 2198.7096405923367 865.36659017205238 2088.2410503923893 253.98433357477188 443.2690599411726 154.65815985202789 791.82636474072933 32.946399331092834 7.4273158460855475
leaf_count=728 688 4319 469 9717 6128 1982 7173 3209 6701 739 1650 553 2503 112 26
internal_value=0 0.00282516 -0.0138245 6.35848e-05 0.00750444 -0.0090505 -0.00191115 -0.0196112 0.00439423 0.0107895 -0.0149671 -0.00443809 0.00404197 -0.0174758 -0.0297786
internal_weight=0 11759.3 2404.55 7395.04 4364.26 1317.62 5079 1086.93 2316.04 2239.43 577.169 740.449 2124.82 898.313 188.617
internal_count=46697 37968 8729 24279 13689 4654 16890 4075 7389 6867 2119 2535 6822 3321 754
is_linear=0
shrinkage=0.03


Tree=7
num_leaves=16
num_cat=0
split_feature=20 16 16 20 20 20 12 28 16 46 35 35 38 22 26
split_gain=580.157 158.584 70.1809 67.3085 51.7119 37.8514 33.4272 25.7463 22.027 18.0459 17.9488 14.0888 11.9673 10.6821 5.52471
threshold=0.22529138970203574 0.36665000000000009 1.0000000180025095e-35 0.271469027137409 0.28057742254983314 0.18818280470892171 2.8850000000000002 1698.1815564470246 0.90000000000000013 2.371363482890771 -0.63150635461972782 -6.8272966620495703 -1.0456416178078027 1.0393699128313232 0.55000000000000016
decision_type=2 2 2 2 2 2 2 2 2 2 2 2 2 2 2
left_child=2 3 7 10 12 9 -5 13 -6 -4 -2 -7 -3 -1 -9
right_child=1 4 5 6 8 11 -8 14 -10 -11 -12 -13 -14 -15 -16
leaf_value=-0.023039421904820088 -0.0011233859687608764 0.00081083504526638177 -0.013352012004798838 0.013273873782190023 0.0093833917233764087 0.012480777346831944 0.0015212578294169256 -0.030055524843718606 0.018754888890900028 -0.037770366016819969 -0.0063227340854019685 -0.0053301247081349477 0.0055484530659091523 -0.015016058212915758 -0.014679039443886498
leaf_weight=192.24611833691597 1067.2602810263634 731.89368279278278 546.43888866901398 228.2956355214119 1988.5278387367725 42.382670998573303 4741.0800493061543 192.69209368526936 254.72559860348701 28.677941292524338 1358.2405770272017 697.37201899290085 1394.4307956248522 673.12529928982258 23.729775384068489
leaf_count=745 3549 2387 2002 688 6128 133 15402 773 739 117 4640 2402 4435 2468 89
internal_value=0 0.00273911 -0.0134548 6.16381e-05 0.00727028 -0.00879782 0.00206126 -0.0191148 0.0104478 -0.0145708 -0.00403507 -0.00430913 0.00391789 -0.0167991 -0.0283717
internal_weight=0 11764.5 2396.66 7394.88 4369.58 1314.87 4969.38 1081.79 2243.25 575.117 2425.5 739.755 2126.32 865.371 216.422
internal_count=46697 37968 8729 24279 13689 4654 16090 4075 6867 2119 8189 2535 6822 3213 862
is_linear=0
shrinkage=0.03


Tree=8
num_leaves=16
num_cat=0
split_feature=20 20 21 20 12 19 28 8 28 43 8 8 6 44 5
split_gain=547.396 97.7882 63.3089 42.8117 28.3166 23.0588 21.4032 23.2986 20.1537 19.0267 22.3544 18.5463 12.929 11.5834 10.4649
threshold=0.22529138970203574 0.271469027137409 0.73672442618184475 0.29482461564892043 2.1250000000000004 16.964282318063326 1437.6960001824234 -0.18234581688620949 1449.1001290050301 2.0330846338388016 -0.66908291862499614 -0.22692031734622953 3.1000000000000005 1.2241631090695855 0.95000000000000007
decision_type=2 2 2 2 2 2 2 2 2 2 2 2 2 2 2
left_child=2 6 9 12 -5 13 7 -2 -8 11 -11 -1 -3 -4 -7
right_child=1 3 5 4 -6 14 8 -9 -10 10 -12 -13 -14 -15 -16
leaf_value=-0.0029312888269143736 0.0021182812412197469 0.0030387794550052294 -0.015234414093940158 0.042468966929390443 0.0073535007588251371 -0.03698212845608187 0.0097286647350610708 -0.014359455719896655 -0.0011443680113617 -0.03819641654845661 -0.013236588580164552 -0.010607666574628036 -0.032051083976498231 -0.023738691458629245 -0.015800427566893777
leaf_weight=439.08698344230652 119.3054953366518 5341.8153686076403 468.7435424476862 20.824162349104881 2649.4176722615957 92.232804521918297 161.01600259542465 218.80076652765274 3248.6750512570143 35.957258194684982 318.04891590774059 798.85748656094074 9.4556068480014783 208.54829835891724 27.277591601014137
leaf_count=1506 389 17172 1754 52 8252 392 505 775 10787 147 1157 2856 36 812 105
internal_value=0 0.00265576 -0.0130954 0.00452494 0.00762762 -0.019999 -0.00134481 -0.00854428 -0.000630795 -0.00963967 -0.0157737 -0.00788522 0.00297666 -0.0178538 -0.0321518
internal_weight=0 11769.3 2388.75 8021.51 2670.24 796.802 3747.8 338.106 3409.69 1591.95 354.006 1237.94 5351.27 677.292 119.51
internal_count=46697 37968 8729 25512 8304 3063 12456 1164 11292 5666 1304 4362 17208 2566 497
is_linear=0
shrinkage=0.03


Tree=9
num_leaves=16
num_cat=0
split_feature=20 16 20 16 20 18 20 16 28 16 29 27 43 43 3
split_gain=516.489 149.663 69.3138 66.651 50.7725 37.6529 34.5888 32.5895 24.0342 22.7277 17.4341 15.3121 14.9747 13.1706 6.8532
threshold=0.22529138970203574 1.0000000180025095e-35 0.28777505226939737 1.0000000180025095e-35 0.31328968387515582 0.55000000000000016 0.18818280470892171 0.55000000000000016 1698.1815564470246 0.90000000000000013 1483.8681640621028 0.41428571428571431 2.7438016500540181 2.0490240158766482 0.11154113846017188
decision_type=2 2 2 2 2 2 2 2 2 2 2 2 2 2 2
left_child=3 4 7 8 5 -2 10 -3 12 -4 -5 -6 -1 -8 -10
right_child=1 2 9 6 11 -7 13 -9 14 -11 -12 -13 -14 -15 -16
leaf_value=-0.016761931925726708 0.0020589459333266928 0.0015001292242388031 0.0081250255034244594 -0.018598558465722979 0.0081000100704889267 -0.0043894175135829275 -0.0018522635147346074 0.0073762992153753679 -0.013666591377671185 0.018616541730916304 -0.0080759533700436592 0.027435664592894433 0.0059465403697057887 -0.011727187134471061 -0.02942335788978926
leaf_weight=832.20300258696079 1122.971853941679 3553.0919863879681 2599.2273859530687 307.42903457581997 163.91585031151772 2970.8085445165634 584.02897261083126 1116.3943646103144 28.821386471390724 200.19579847157001 263.18089190125465 47.583376944065094 26.957991674542427 153.53701324760914 184.70883031189442
leaf_count=3121 3651 11550 8042 1170 508 10017 1982 3492 109 576 949 132 92 553 753
internal_value=0 0.00257496 0.00514291 -0.0127456 -0.00187991 -0.00262048 -0.00819976 0.0029051 -0.0182889 0.00887548 -0.013746 0.0124527 -0.016049 -0.00390844 -0.0272987
internal_weight=0 11774.2 7468.91 2380.87 4305.28 4093.78 1308.18 4669.49 1072.69 2799.42 570.61 211.499 859.161 737.566 213.53
internal_count=46697 37968 23660 8729 14308 13668 4654 15042 4075 8618 2119 640 3213 2535 862
is_linear=0
shrinkage=0.03


Tree=10
num_leaves=16
num_cat=0
split_feature=20 16 16 20 20 21 34 42 20 43 16 35 41 18 0
split_gain=487.335 141.353 63.3989 58.248 44.2662 32.9054 26.3449 23.8033 23.2038 20.9021 19.2235 17.0241 11.4979 11.4453 8.05404
threshold=0.22529138970203574 0.36665000000000009 1.0000000180025095e-35 0.271469027137409 0.28057742254983314 0.73672442618184475 2.2181156491177498 1.2988015085290396 0.13619752611536398 2.0330846338388016 0.90000000000000013 -0.63150635461972782 3.5961338570180286 3.9000000000000004 4.3000000000000016
decision_type=2 2 2 2 2 2 2 2 2 2 2 2 2 2 2
left_child=2 3 8 11 12 9 -5 -7 14 -4 -6 -2 -3 -10 -1
right_child=1 4 5 6 10 7 -8 -9 13 -11 -12 -13 -14 -15 -16
leaf_value=-0.028827874959241183 -0.0010109972710937592 0.0035116930000413482 -0.0023606838498808672 0.0023833645689601102 0.0087071282973407837 -0.0075951023077933093 -0.0067132878402553758 -0.022434554529292848 -0.016481748361649892 -0.013075903257538726 0.017439249251062331 -0.0060775499916764543 0.035079322773928848 0.0016237820700655593 0.0033597997802928929
leaf_weight=175.90254761278629 1066.469466984272 2118.838756352663 701.93854868412018 4670.4044888615608 1995.0200586766005 188.1951425075531 305.23739412426949 201.59201471507549 851.72564029693604 213.76773773133755 256.12169295549393 1355.9879539310932 10.427769407629965 32.593712165951729 7.2668671905994406
leaf_count=728 3549 6794 2399 15057 6128 685 1033 789 3209 781 739 4640 28 112 26
internal_value=0 0.00249672 -0.0124052 -3.21118e-05 0.00676774 -0.00797057 0.00182525 -0.015271 -0.0178282 -0.00486255 0.00970082 -0.00384717 0.0036666 -0.0158141 -0.0275491
internal_weight=0 11778.5 2372.98 7398.1 4380.41 1305.49 4975.64 389.787 1067.49 915.706 2251.14 2422.46 2129.27 884.319 183.169
internal_count=46697 37968 8729 24279 13689 4654 16090 1474 4075 3180 6867 8189 6822 3321 754
is_linear=0
shrinkage=0.03


Tree=11
num_leaves=16
num_cat=0
split_feature=20 16 20 16 14 20 16 20 16 9 20 46 35 18 0
split_gain=459.84 135.694 62.6066 60.3148 58.1908 31.4561 29.9801 25.2197 23.8321 23.2286 22.3184 17.2155 13.2683 10.8573 7.7076
threshold=0.22529138970203574 1.0000000180025095e-35 0.2908633748644483 1.0000000180025095e-35 4.5000000000000009 0.18818280470892171 0.55000000000000016 0.3027629213004101 0.90000000000000013 -1.0378635176331172 0.13619752611536398 2.371363482890771 -6.8272966620495703 3.9000000000000004 4.3000000000000016
decision_type=2 2 2 2 2 2 2 2 2 2 2 2 2 2 2
left_child=3 4 6 10 7 11 -3 -2 -4 -6 14 -5 -7 -12 -1
right_child=1 2 8 5 9 12 -8 -9 -10 -11 13 -13 -14 -15 -16
leaf_value=-0.028221652989806389 0.00014209562311202391 0.0017849118775675079 0.008162575992116422 -0.011867194530845143 -0.044924347854665855 0.01264426688093432 0.0070950772512446266 0.0089700323281062585 0.019791839819024718 -0.0052514461516849258 -0.016057605015036013 -0.035992295637422969 -0.0046523930469304555 0.0015744400784312982 0.0032558108851944122
leaf_weight=174.31504048407078 1929.1407331973314 3971.7710797190666 2074.8748409748077 538.67740181088448 13.362740859389303 42.333615183830261 1260.6921159029007 343.04377104341984 171.76924514770508 2017.9348988384008 848.05288182199001 28.013042464852333 693.7978248000145 32.606841996312141 7.2742037624120703
leaf_count=728 6339 12865 6383 2002 55 133 3927 1056 485 6858 3209 117 2402 112 26
internal_value=0 0.00242091 0.00486303 -0.0120743 -0.00182323 -0.0077478 0.00306439 0.00147506 0.00905192 -0.0055128 -0.0173802 -0.0130609 -0.00365713 -0.0154044 -0.0269589
internal_weight=0 11782.6 7479.11 2365.07 4303.48 1302.82 5232.46 2272.18 2246.64 2031.3 1062.25 566.69 736.131 880.66 181.589
internal_count=46697 37968 23660 8729 14308 4654 16792 7395 6868 6913 4075 2119 2535 3321 754
is_linear=0
shrinkage=0.03


Tree=12
num_leaves=16
num_cat=0
split_feature=20 16 20 16 14 43 16 20 20 16 20 19 29 18 0
split_gain=433.893 127.57 58.7726 57.3904 54.8154 30.6078 28.1563 23.6905 23.0161 22.3413 21.4768 20.05 17.639 10.2995 7.37821
threshold=0.22529138970203574 1.0000000180025095e-35 0.2908633748644483 1.0000000180025095e-35 4.5000000000000009 2.0330846338388016 0.55000000000000016 0.3027629213004101 0.31328968387515582 0.90000000000000013 0.13619752611536398 9.3023244152474209 1506.9055086822416 3.9000000000000004 4.3000000000000016
decision_type=2 2 2 2 2 2 2 2 2 2 2 2 2 2 2
left_child=3 4 6 10 7 11 -3 -2 -6 -4 14 -5 -7 -12 -1
right_child=1 2 9 5 8 12 -8 -9 -10 -11 13 -13 -14 -15 -16
leaf_value=-0.027632944658628759 0.00013782923876947455 0.0017308269750830228 0.0079083391318737917 -0.0026514274907563791 -0.0059773661835967763 -0.01896625957945481 0.0068746409239925895 0.0086890422866692987 0.011004065666827101 0.019156431548548927 -0.015644536995723969 -0.015612066793421572 -0.0057321042435927571 0.0015266175512443651 0.0031551556540252027
leaf_weight=172.71253450214863 1929.1901996731758 3972.9860766977072 2077.2932657450438 773.59662754833698 1954.5823973566294 263.57055115699768 1262.0618951618671 343.50627543032169 74.553072109818459 172.13727986812592 844.38745506107807 124.76033392548561 138.28026604652405 32.619538933038712 7.2812847644090644
leaf_count=728 6339 12865 6383 2666 6685 1016 3927 1056 228 485 3209 477 495 112 26
internal_value=0 0.00234747 0.00471368 -0.011752 -0.00176929 -0.0075309 0.00297096 0.00143047 -0.00535325 0.00876931 -0.0169439 -0.00445184 -0.0144133 -0.0150055 -0.0263857
internal_weight=0 11786.3 7484.48 2357.21 4301.83 1300.21 5235.05 2272.7 2029.14 2249.43 1057 898.357 401.851 877.007 179.994
internal_count=46697 37968 23660 8729 14308 4654 16792 7395 6913 6868 4075 3143 1511 3321 754
is_linear=0
shrinkage=0.03


Tree=13
num_leaves=16
num_cat=0
split_feature=20 20 20 20 19 12 35 25 35 21 8 35 8 5 28
split_gain=410.249 68.6214 63.3759 32.3449 26.3641 25.9781 20.913 15.9371 14.8974 13.4304 12.5638 23.3684 10.9413 10.5413 7.09885
threshold=0.23376119091884043 0.29482461564892043 0.18818280470892171 0.26866162035349045 16.964282318063326 2.1250000000000004 -4.41105512109334 0.47222222222222227 -6.652169723462861 0.39139040868267311 -0.18234581688620949 -2.2492548971963284 0.10462827848594232 0.95000000000000007 1488.5827830625378
decision_type=2 2 2 2 2 2 2 2 2 2 2 2 2 2 2
left_child=2 3 4 8 7 14 -7 -1 -2 -5 11 -4 -12 -6 -3
right_child=1 5 10 9 13 6 -8 -9 -10 -11 12 -13 -14 -15 -16
leaf_value=-0.015552660545166406 0.0079762205970640692 0.022942958360053813 0.0067919211697124822 0.0055002455183970241 -0.034751051978594419 -0.00041062863551219887 0.0074168606141559188 0.00068367148127099892 -0.0017954228369401555 0.0017886540823753056 -0.013429617076976253 -0.0068217649197678445 -0.0065493914245725385 -0.0131212227581927 0.057929789784826061
leaf_weight=931.48788696527481 147.47456862032413 10.874614328145983 152.37261992692947 1079.8539700210094 88.533595770597458 354.3008064031601 2306.9018611907959 57.746618300676346 2926.3911647796631 4683.6077042073011 318.72122843563557 444.34114234149456 599.94432227313519 26.388159021735191 10.138752758502958
leaf_count=3585 464 30 500 3408 392 1139 7113 204 9757 15117 1168 1572 2121 105 22
internal_value=0 0.00243432 -0.0107187 0.00115866 -0.0161855 0.00663721 0.00637463 -0.0146046 -0.00132649 0.00248413 -0.00673514 -0.00334491 -0.00893686 -0.0297886 0.0398576
internal_weight=0 11519.5 2619.54 8837.33 1104.16 2682.22 2661.2 989.235 3073.87 5763.46 1515.38 596.714 918.666 114.922 21.0134
internal_count=46697 37050 9647 28746 4286 8304 8252 3789 10221 18525 5361 2072 3289 497 52
is_linear=0
shrinkage=0.03


Tree=14
num_leaves=16
num_cat=0
split_feature=12 16 20 14 22 16 16 12 20 12 3 41 45 46 4
split_gain=388.016 131.917 58.3817 51.9688 38.4197 32.0531 29.2136 24.6428 21.9074 18.6163 16.8092 14.9163 13.4022 11.9224 4.13947
threshold=4.3350000000000009 1.0000000180025095e-35 0.28777505226939737 4.5000000000000009 0.83834819982922015 1.0000000180025095e-35 0.55000000000000016 3.1350000000000002 0.31328968387515582 2.1250000000000004 -1.0360743495330642 0.17949479266820553 0.78910129379388416 1.7518391347572588 2.0500000000000003
decision_type=2 2 2 2 2 2 2 2 2 2 2 2 2 2 2
left_child=1 3 6 7 12 10 -3 -1 -5 -4 -6 -7 13 -2 -14
right_child=4 2 9 8 5 11 -8 -9 -10 -11 -12 -13 14 -15 -16
leaf_value=0.0057917289492783255 -0.00040897964811672491 0.001056163376192981 0.042065126584171143 -0.0061234173850764429 0.024230402735665901 0.02526699135425645 0.0064593525845505961 -0.0010217551699350839 0.01040442667100547 0.0075714288858608307 -0.016443939402655733 -0.0080774423854244656 -0.044289421886547983 -0.032832458872924984 -0.028922861228116568
leaf_weight=667.8419367223978 28.538375899195671 3795.910817861557 14.14738693833351 2066.2909282892942 9.242327004671095 12.222738951444624 1180.7929206490517 1678.1533735692501 74.767987698316574 2799.369324028492 752.84431387484074 910.51351462304592 18.570019528269768 15.896465197205542 110.10479526221752
leaf_count=2089 109 12368 34 7105 29 37 3689 5573 228 8584 2921 3298 85 70 478
internal_value=0 0.00193093 0.00429102 -0.00216648 -0.0127797 -0.0113964 0.00233822 0.00091775 -0.00554606 0.00774513 -0.0159499 -0.00763516 -0.0262394 -0.0120199 -0.0311461
internal_weight=0 12277.3 7790.22 4487.05 1857.93 1684.82 4976.7 2346 2141.06 2813.52 762.087 922.736 173.11 44.4348 128.675
internal_count=46697 39670 24675 14995 7027 6285 16057 7662 7333 8618 2950 3335 742 179 563
is_linear=0
shrinkage=0.03


Tree=15
num_leaves=16
num_cat=0
split_feature=20 20 20 20 22 19 28 8 15 28 25 8 35 15 5
split_gain=367.662 62.2787 57.7377 31.0311 25.4335 24.7001 22.1066 21.5406 21.1876 18.3754 15.1666 11.9122 22.0433 10.7968 10.3236
threshold=0.23376119091884043 0.271469027137409 0.18818280470892171 0.31251598465473152 1.4429854747707338 16.964282318063326 1437.6960001824234 -0.18234581688620949 0.45000000000000007 1449.1001290050301 0.47222222222222227 -0.18234581688620949 -2.2492548971963284 0.29165000000000002 0.95000000000000007
decision_type=2 2 2 2 2 2 2 2 2 2 2 2 2 2 2
left_child=2 6 5 8 -5 10 7 -2 -3 -8 -1 12 -4 -13 -7
right_child=1 3 11 4 -6 14 9 -9 -10 -11 -12 13 -14 -15 -16
leaf_value=-0.014834679563613071 0.0017507359964117955 0.0040106817346321844 0.0067639509121073067 0.055100761302298566 0.0089380718278322356 -0.033721514067524549 0.0098329521693937706 -0.014477576866029856 0.00010561475151303408 -0.00081567594372828137 0.0010329141725550013 -0.0051687502531794554 -0.0064633282117205048 -0.011690262445399153 -0.012155095413982053
leaf_weight=923.66335651278496 115.4539957344532 5714.7980891615152 152.37621445953846 10.89658038318157 723.86014974117279 86.603275135159492 153.27574503421783 202.95449422299862 1600.9021521061659 3004.0375146716833 57.555218249559402 443.60799118876457 442.94392596185207 471.68853372335434 26.047526329755783
leaf_count=3585 377 18075 500 24 2192 392 479 723 5221 9959 204 1565 1572 1724 105
internal_value=0 0.00229754 -0.0101827 0.00374652 0.00962382 -0.015432 -0.0010585 -0.00859243 0.00315617 -0.0002986 -0.0139036 -0.00638129 -0.00307716 -0.00852996 -0.028739
internal_weight=0 11526.2 2604.49 8050.46 734.757 1093.87 3475.72 318.408 7315.7 3157.31 981.219 1510.62 595.32 915.297 112.651
internal_count=46697 37050 9647 25512 2216 4286 11538 1100 23296 10438 3789 5361 2072 3289 497
is_linear=0
shrinkage=0.03


Tree=16
num_leaves=16
num_cat=0
split_feature=12 16 2 21 16 22 2 16 12 3 30 21 45 46 4
split_gain=347.059 123.313 50.151 47.5373 38.61 35.6174 33.6516 30.5754 18.7416 15.8685 15.4793 15.0916 13.0953 11.5051 4.13087
threshold=4.3350000000000009 1.0000000180025095e-35 0.036328062937610352 0.44695078874723693 0.55000000000000016 0.83834819982922015 -0.017806310360727228 1.0000000180025095e-35 1.8650000000000002 -1.0360743495330642 115.992961586584 0.63405614164185786 0.78910129379388416 1.7518391347572588 2.0500000000000003
decision_type=2 2 2 2 2 2 2 2 2 2 2 2 2 2 2
left_child=1 2 6 4 -3 12 -1 9 -5 -7 -4 -9 13 -2 -14
right_child=5 3 10 8 -6 7 -8 11 -10 -11 -12 -13 14 -15 -16
leaf_value=-0.0021037863874756209 0.0002999701352817985 0.0048318359408501352 -0.0059329364028427693 0.045906902531641272 0.012037119715185266 0.023681211830112965 0.0046688613213464068 -0.023521776910629153 0.0019195222263110479 -0.015762509680780804 -0.016829161319381291 -0.0062269920859155826 -0.043421274704182881 -0.031801040794073247 -0.02789766106490283
leaf_weight=2192.8205198049545 28.288798049092293 2549.8102835118771 1218.1733520179987 8.7257285714149457 907.71672838926315 9.2793173938989622 944.75105787813663 47.91677725315094 4330.4166005849838 746.68893581628799 129.88403950631618 870.39184194803238 18.143262475728989 15.558206349611281 107.95418208837509
leaf_count=7324 109 7980 4168 20 2683 29 3022 183 13992 2921 481 3152 85 70 478
internal_value=0 0.00181926 -0.00214373 0.00409931 0.00672358 -0.0121378 -6.43772e-05 -0.0108091 0.00200815 -0.0152776 -0.00698312 -0.00713 -0.0252249 -0.0110882 -0.0301369
internal_weight=0 12282.3 4485.63 7796.67 3457.53 1844.22 3137.57 1674.28 4339.14 755.968 1348.06 918.309 169.944 43.847 126.097
internal_count=46697 39670 14995 24675 10663 7027 10346 6285 14012 2950 4649 3335 742 179 563
is_linear=0
shrinkage=0.03


Tree=17
num_leaves=16
num_cat=0
split_feature=20 16 16 20 20 20 34 28 3 36 2 41 43 35 3
split_gain=329.276 104.182 53.557 37.5281 30.267 27.6104 24.0823 23.2026 18.2611 17.1899 15.8874 14.572 13.4196 12.6721 6.42006
threshold=0.23376119091884043 0.36665000000000009 1.0000000180025095e-35 0.271469027137409 0.28057742254983314 0.18818280470892171 2.2181156491177498 1698.1815564470246 -0.014594086174454171 -0.19216573029818843 0.85761911646961442 3.5961338570180286 2.7438016500540181 -7.230699470974991 0.11154113846017188
decision_type=2 2 2 2 2 2 2 2 2 2 2 2 2 2 2
left_child=2 3 7 10 11 9 -5 12 -6 -4 -2 -3 -1 -7 -9
right_child=1 4 5 6 8 13 -8 14 -10 -11 -12 -13 -14 -15 -16
leaf_value=-0.013167527514368747 -0.0026038642334157676 0.0030365604166972845 -0.017712986868186315 0.0019481789510065516 0.010569896820577558 0.012950850597918307 -0.0067490168572737243 -0.010272138591833235 0.0051209211549604313 -0.0068834383727502156 -0.01300522681470383 0.039734309126640298 0.0079801971007930246 -0.0034137474606900269 -0.025807712900136774
leaf_weight=905.76707042753696 2099.0684540718794 2032.6238880157471 216.48573392629623 4679.9964059442282 1300.1258165240288 44.811447724699974 305.20335818827152 27.792684555053711 964.47313743829727 338.09016577899456 141.05662935972214 9.7766743302345258 27.81147588789463 852.18228840827942 176.66278158128262
leaf_count=3471 7075 6492 849 15057 3891 140 1033 110 2976 1270 501 25 98 2948 761
internal_value=0 0.00216782 -0.00967002 -3.36343e-05 0.00586099 -0.00584954 0.00141565 -0.0145427 0.00824939 -0.0111117 -0.00325901 0.00321257 -0.0125371 -0.00259575 -0.023698
internal_weight=0 11532.3 2589.6 7225.32 4307 1451.57 4985.2 1138.03 2264.6 554.576 2240.13 2042.4 933.579 896.994 204.455
internal_count=46697 37050 9647 23666 13384 5207 16090 4440 6867 2119 7576 6517 3569 3088 871
is_linear=0
shrinkage=0.03


Tree=18
num_leaves=16
num_cat=0
split_feature=21 16 21 14 20 16 28 9 16 16 19 7 30 44 44
split_gain=311.828 102.719 50.8283 42.4344 39.0975 33.4627 25.9003 22.8442 20.8572 19.6269 18.6094 16.6301 14.2056 11.9304 10.6436
threshold=0.61790482542189507 1.0000000180025095e-35 0.73672442618184475 4.5000000000000009 0.2908633748644483 0.36665000000000009 1403.2635060261607 -1.0378635176331172 0.55000000000000016 0.90000000000000013 16.964282318063326 0.77500000000000013 118.1960167907081 1.2241631090695855 0.81547538514380391
decision_type=2 2 2 2 2 2 2 2 2 2 2 2 2 2 2
left_child=1 3 5 6 8 12 -1 -5 -3 -6 13 -7 -2 -4 -12
right_child=2 4 10 7 9 11 -8 -9 -10 -11 14 -13 -14 -15 -16
leaf_value=-0.018541680206632084 -0.0064512647203714291 0.0017045351582578889 -0.011315555602941287 -0.043827191924234857 0.006723033331254076 -0.019216849887307055 0.0017547064661546301 -0.0045601161491077595 0.0062006055872408494 0.017253955298933671 -0.036868983926230801 0.0007408492454754926 -0.012851804038948497 -0.020143731272036235 -0.018144689711880775
leaf_weight=58.105153977870941 665.19319012761116 3866.345696657896 448.34541714191437 13.41688399016857 2086.302941352129 40.445474401116371 2148.1837580502033 1971.1266958862543 1222.2788934707642 172.48920175433159 54.153501704335213 527.83719955384731 588.45747718214989 199.15040951967239 55.403805777430534
leaf_count=210 2407 12481 1754 56 6381 151 6956 6719 3785 484 257 1793 2211 812 240
internal_value=0 0.00210491 -0.00943382 -0.00164298 0.00424268 -0.00671862 0.00121996 -0.00482596 0.00278455 0.00752742 -0.0159677 -0.000679353 -0.00945596 -0.0140316 -0.0274053
internal_weight=0 11538.2 2578.99 4190.83 7347.42 1821.93 2206.29 1984.54 5088.62 2258.79 757.053 568.283 1253.65 647.496 109.557
internal_count=46697 37072 9625 13941 23131 6562 7166 6775 16266 6865 3063 1944 4618 2566 497
is_linear=0
shrinkage=0.03


Tree=19
num_leaves=16
num_cat=0
split_feature=12 20 22 20 19 15 22 18 15 15 28 9 41 3 4
split_gain=294.691 74.8694 32.4993 27.5186 24.676 17.8698 15.6135 22.8215 16.3522 13.6594 14.2954 13.0532 9.88095 13.0255 4.9882
threshold=4.3350000000000009 0.271469027137409 0.83834819982922015 0.31251598465473152 0.66666665107692358 0.45000000000000007 1.478467019626964 2.3666500000000004 0.45000000000000007 0.45000000000000007 1464.7510485603893 -0.74662060660345875 0.64200143518978792 0.26573032725165119 2.0500000000000003
decision_type=2 2 2 2 2 2 2 2 2 2 2 2 2 2 2
left_child=1 6 12 5 -5 -3 8 -8 -1 10 -4 -11 13 -2 -14
right_child=2 3 9 4 -6 -7 7 -9 -10 11 -12 -13 14 -15 -16
leaf_value=-0.0010915699647173116 0.019712968119207187 0.0035902145517131855 -0.014207224830774891 0.035056770166285493 0.0077367437288039529 5.1652899659916793e-06 0.0032485527852968792 -0.0088571919257131471 -0.0056794172032218204 -0.024055450640587006 -0.0049972429388081283 -0.011451491494061319 -0.0424831064927811 -0.020369960582040963 -0.025614324118483359
leaf_weight=2042.3352808505297 9.4440923482179624 5725.0826242864132 200.64818874001503 31.063608154654503 705.59072597324848 1601.541808500886 954.47256419062614 164.25721183419228 1063.3487659990788 82.056325018405914 622.3335205167532 753.83912646770477 18.656349360942841 31.89787957072258 105.66002562642097
leaf_count=6823 34 18075 771 80 2136 5221 3084 571 3680 333 2282 2899 90 140 478
internal_value=0 0.00166739 -0.0112534 0.00336238 0.00888966 0.00280659 -0.00156783 0.0014708 -0.0026625 -0.00998774 -0.00724321 -0.0126894 -0.0239247 -0.0112037 -0.0281515
internal_weight=0 12287.7 1824.54 8063.28 736.654 7326.62 4224.41 1118.73 3105.68 1658.88 822.982 835.895 165.658 41.342 124.316
internal_count=46697 39670 7027 25512 2216 23296 14158 3655 10503 6285 3053 3232 742 174 568
is_linear=0
shrinkage=0.03


Tree=20
num_leaves=16
num_cat=0
split_feature=12 16 2 16 16 2 12 22 19 22 18 29 2 40 22
split_gain=278.189 103.999 45.4049 40.3648 31.3454 30.6578 24.1188 22.8236 18.8474 14.9335 14.1684 13.2042 12.2918 16.7629 10.9345
threshold=4.3350000000000009 1.0000000180025095e-35 0.036328062937610352 0.55000000000000016 1.0000000180025095e-35 -0.017806310360727228 3.2350000000000008 1.5420213415271591 16.128430515691907 1.3019971311144256 0.55000000000000016 1482.0244762930654 -0.80539964144133813 1.4665784171373171 0.9345245690363988
decision_type=2 2 2 2 2 2 2 2 2 2 2 2 2 2 2
left_child=1 2 5 6 12 -1 -3 -5 9 -6 -4 -10 13 -2 -14
right_child=4 3 10 7 8 -7 -8 -9 11 -11 -12 -13 14 -15 -16
leaf_value=-0.0019975921793728571 -0.024952222817047853 0.0054874986185045162 -0.00060787056283001647 0.0043584176011089819 -0.0052967918206889798 0.0044656121502276635 0.0012265966699546104 0.010819058762651615 -0.032066346493718499 -0.021487517830702085 -0.0082119511375033181 0.00036791008116696355 -0.02230695689707933 0.021001950690576834 -0.014009444965226455
leaf_weight=2190.8652865290642 11.509385988116266 1678.7044566869736 278.15220490098 1040.5079179853201 865.89900152385235 945.60043150186539 4155.7531254738569 934.17289306223392 43.929846003651619 54.505647033452988 1066.1873136758804 15.181010186672209 185.84783451259136 18.79191081225872 622.24443326890469
leaf_count=7324 47 5175 929 3268 3168 3022 13474 2758 201 209 3720 61 822 62 2457
internal_value=0 0.00161704 -0.00202613 0.00370748 -0.0109566 -4.8923e-05 0.00245261 0.00741498 -0.00731134 -0.00625614 -0.00663886 -0.0237328 -0.0152149 0.00353474 -0.0159184
internal_weight=0 12289.9 4480.81 7809.14 1817.91 3136.47 5834.46 1974.68 979.516 920.405 1344.34 59.1109 838.394 30.3013 808.092
internal_count=46697 39670 14995 24675 7027 10346 18649 6026 3639 3377 4649 262 3388 109 3279
is_linear=0
shrinkage=0.03


Tree=21
num_leaves=16
num_cat=0
split_feature=20 16 16 28 20 27 20 33 28 10 46 35 34 2 3
split_gain=264.638 83.4593 54.4194 28.4049 29.8426 26.8718 26.1077 22.39 20.0672 19.5696 16.8601 14.5359 13.8484 12.896 6.02778
threshold=0.23595505617977533 0.36665000000000009 1.0000000180025095e-35 1403.2635060261607 0.2973230745935484 0.38750000000000007 0.18818280470892171 1.1887683411900019 1698.1815564470246 1.0500000000000003 2.371363482890771 -7.0097176953217284 1.0000000180025095e-35 -0.70933753043784209 0.11154113846017188
decision_type=2 2 2 2 2 2 2 2 2 2 2 2 2 2 2
left_child=2 3 8 13 -5 9 10 -7 12 -3 -4 -8 -1 -2 -10
right_child=1 5 6 4 -6 7 11 -9 14 -11 -12 -13 -14 -15 -16
leaf_value=0.0056301143912651499 0.0019586784318280561 0.0064521617686038547 -0.0087983590929035047 -0.00061583899181095905 0.0044344636054916694 0.0050646673267033052 0.01314722002685572 0.013465004854414705 -0.0088081757542468643 0.00167533132905766 -0.033240656342057549 -0.002717716827824668 -0.012245295561117977 -0.016858238063663555 -0.024015167256591891
leaf_weight=40.680594235658646 44.064842149615288 1439.3679018318653 520.40593230724335 5663.127700984478 1293.5527187287807 570.39096491038799 54.959640651941299 572.20874913036823 27.248256608843803 1664.9179978072643 26.705334082245827 953.18797336518764 932.02413739264011 127.64558167755604 172.39578528702259
leaf_count=145 143 4432 2002 18686 4040 1766 171 1691 110 5271 117 3292 3610 457 764
internal_value=0 0.0020091 -0.00839559 2.56237e-05 0.000323196 0.00533828 -0.0047162 0.00927186 -0.0132764 0.00389032 -0.00999256 -0.00185241 -0.0114973 -0.0120278 -0.0219417
internal_weight=0 11375.3 2727.61 7128.39 6956.68 4246.89 1555.26 1142.6 1172.35 3104.29 547.111 1008.15 972.705 171.71 199.644
internal_count=46697 36486 10211 23326 22726 13160 5582 3457 4629 9703 2119 3463 3755 600 874
is_linear=0
shrinkage=0.03


Tree=22
num_leaves=16
num_cat=0
split_feature=21 16 21 17 20 16 2 20 12 0 19 7 37 5 36
split_gain=250.951 86.6509 43.2054 37.7653 32.6441 29.2586 25.8965 23.2754 20.8453 19.9808 16.8343 15.705 12.0135 10.6499 9.70156
threshold=0.61790482542189507 1.0000000180025095e-35 0.73672442618184475 1.0000000180025095e-35 0.2908633748644483 0.36665000000000009 0.036328062937610352 0.3027629213004101 3.2750000000000004 3.1000000000000005 16.964282318063326 0.77500000000000013 5.5819544370976484 0.95000000000000007 2.2344058533749718
decision_type=2 2 2 2 2 2 2 2 2 2 2 2 2 2 2
left_child=1 3 5 7 9 12 -5 -1 -6 -3 14 -7 -2 -12 -4
right_child=2 4 10 6 8 11 -8 -9 -10 -11 13 -13 -14 -15 -16
leaf_value=0.0010932794879341937 -0.0094040082042969181 0.0027317231602627472 -0.015263258304401351 -0.0013938198926997983 0.0063230864732178428 -0.018454510514073923 -0.0073056044154746029 0.012335036782926547 0.023009871191648726 -0.013152508331624378 -0.030991615303530604 0.0010093989045879548 0.0021646709652342875 -0.0084441801146699601 -0.0072567831239392921
leaf_weight=959.50673712790012 1155.4530983716249 5022.810767814517 438.67409053444862 2036.1215961277485 2194.7355663776398 40.143854528665543 991.79359069466591 200.38263037800789 69.517501562833786 72.282798826694489 80.767521575093269 526.58718168735504 86.812536761164665 24.657519176602364 197.83833354711533
leaf_count=3125 4311 16014 1787 6779 6672 151 3441 596 193 252 392 1793 307 105 779
internal_value=0 0.00187795 -0.00851905 -0.00156706 0.00383835 -0.00601834 -0.00333034 0.00303576 0.00683564 0.00250629 -0.0146157 -0.000369081 -0.00859531 -0.0257222 -0.0127753
internal_weight=0 11547.2 2550.93 4187.8 7359.35 1809 3027.92 1159.89 2264.25 5095.09 741.937 566.731 1242.27 105.425 636.512
internal_count=46697 37072 9625 13941 23131 6562 10220 3721 6865 16266 3063 1944 4618 497 2566
is_linear=0
shrinkage=0.03


Tree=23
num_leaves=16
num_cat=0
split_feature=21 16 21 14 16 16 28 21 9 25 19 17 30 44 44
split_gain=236.685 81.4865 41.151 36.3466 31.2282 27.6481 23.3529 21.9484 21.8412 18.5506 16.2784 15.6363 13.08 11.5734 10.7136
threshold=0.61790482542189507 1.0000000180025095e-35 0.73672442618184475 4.5000000000000009 0.55000000000000016 0.36665000000000009 1403.2635060261607 0.44737691549726483 -1.0378635176331172 1.0000000180025095e-35 16.964282318063326 1.4500000000000002 118.1960167907081 1.2241631090695855 0.81547538514380391
decision_type=2 2 2 2 2 2 2 2 2 2 2 2 2 2 2
left_child=1 3 5 6 9 12 -1 -6 -5 -3 13 -7 -2 -4 -12
right_child=2 4 10 8 7 11 -8 -9 -10 -11 14 -13 -14 -15 -16
leaf_value=-0.01769972295483201 -0.0054634670696017866 -0.0051890715465812368 -0.0097496138745351152 -0.042859054481256077 0.01032962544986211 0.0038454252795894744 0.0016324658150349419 0.0038347309779185232 -0.0042135070181684624 0.0029713317769746749 -0.035050413303923 -0.0062654570330784084 -0.011641373158756197 -0.018544737028850226 -0.015788900780959854
leaf_weight=57.735996037721634 658.66194935142994 263.31192447245121 439.25385800004005 13.242629736661909 931.96326649188995 331.05263485014439 2149.2250390946865 941.61738549172878 1966.0653049051762 5226.044665530324 51.14448219537735 235.61891098320484 580.5834406465292 194.41123344004154 53.06107859313488
leaf_count=210 2407 873 1754 56 2742 1109 6956 2944 6719 16572 257 835 2211 812 240
internal_value=0 0.00182124 -0.00828735 -0.00152066 0.00372135 -0.00584801 0.00112651 0.00706564 -0.00447243 0.00257983 -0.014257 -0.000358131 -0.00835811 -0.0124487 -0.0252479
internal_weight=0 11549.2 2543.79 4186.27 7362.94 1805.92 2206.96 1873.58 1979.31 5489.36 737.871 566.672 1239.25 633.665 104.206
internal_count=46697 37072 9625 13941 23131 6562 7166 5686 6775 17445 3063 1944 4618 2566 497
is_linear=0
shrinkage=0.03


Tree=24
num_leaves=16
num_cat=0
split_feature=20 16 16 28 20 27 27 15 21 41 28 4 34 37 3
split_gain=224.008 71.3883 49.1594 26.0057 26.549 25.0432 23.0177 28.1151 21.8497 20.2959 18.4759 18.3967 13.1128 12.4347 5.79657
threshold=0.23595505617977533 0.36665000000000009 1.0000000180025095e-35 1403.2635060261607 0.2973230745935484 0.38750000000000007 0.21111111111111114 0.29165000000000002 0.75656482537986747 0.99849674294983914 1698.1815564470246 1.1833333333333336 1.0000000180025095e-35 -0.033152288330302322 0.11154113846017188
decision_type=2 2 2 2 2 2 2 2 2 2 2 2 2 2 2
left_child=2 3 10 13 -5 11 8 -8 -4 -7 12 -3 -1 -2 -12
right_child=1 5 6 4 -6 9 7 -9 -10 -11 14 -13 -14 -15 -16
leaf_value=0.0059663539791142148 -0.019783324375652851 0.0070320534865838513 -0.0053778322822844379 -0.00059627604301462276 0.0041653014065846251 0.0033924318821445545 0.0080898320812631611 -0.0044514435375057025 -0.017975847206744965 0.011710901668212523 -0.0078907499021426478 0.0020031160310050792 -0.011460005329217536 -0.0036009626498426147 -0.022910427994203168
leaf_weight=40.541258230805397 84.005312129855156 937.45317253470421 655.70306123793125 5661.6217028796673 1294.8912746310234 413.10314098000526 236.68336343765259 502.23798049986362 152.81175059080124 731.87542839348316 26.893609613180161 2171.3366789519787 923.01537868380547 87.100719600915909 168.53165325522423
leaf_count=145 306 2856 2333 18686 4040 1285 786 1827 636 2172 110 6847 3610 294 764
internal_value=0 0.0018413 -0.00776108 5.76266e-06 0.00029001 0.00491684 -0.00426162 -0.000433895 -0.00775946 0.00870995 -0.0124331 0.0035197 -0.0107264 -0.0115482 -0.0208455
internal_weight=0 11381.4 2706.42 7127.62 6956.51 4253.77 1547.44 738.921 808.515 1144.98 1158.98 3108.79 963.557 171.106 195.425
internal_count=46697 36486 10211 23326 22726 13160 5582 2613 2969 3457 4629 9703 3755 600 874
is_linear=0
shrinkage=0.03


Tree=25
num_leaves=15
num_cat=0
split_feature=12 16 2 20 20 16 22 18 16 36 21 3 17 45
split_gain=212.646 80.024 40.0158 37.8998 33.7607 28.538 27.0915 23.4936 22.6022 18.2258 15.1704 15.062 14.0524 9.38315
threshold=4.3350000000000009 1.0000000180025095e-35 0.39321136090743986 0.26463767292008056 0.31328968387515582 0.55000000000000016 0.83834819982922015 0.29165000000000002 1.0000000180025095e-35 -1.0000000180025095e-35 0.63405614164185786 -1.0360743495330642 4.4500000000000011 0.57965413635398699
decision_type=2 2 2 2 2 2 2 2 2 2 2 2 2 2
left_child=1 2 4 7 -1 -5 12 -3 11 -4 -10 -8 13 -2
right_child=6 3 9 5 -6 -7 8 -9 10 -11 -12 -13 -14 -15
leaf_value=-0.001329877100973643 -0.0021871088749721925 -0.016169545189404909 -0.014592831178908751 0.0032135357562676475 0.011312338820888938 0.0079983077468685354 0.025810401365716339 0.00038792892761270876 -0.021919814339621528 -0.0041636659718335073 -0.0044337878652164712 -0.012941116375363323 0.02159886779914464 -0.026059720405471363
leaf_weight=3664.1653838604689 16.690715953707695 80.235223203897476 279.13907369971275 4232.3702632039785 200.50190377235413 1526.7242710143328 9.1277682930231077 1984.1448723822832 47.118444249033928 328.28497579693794 854.46894478797913 719.27439783513546 6.4947273582220069 134.18529419600964
leaf_count=12248 72 287 1011 13301 597 4568 29 6519 183 1139 3152 2921 24 646
internal_value=0 0.00140204 -0.00179903 0.00323189 -0.000673884 0.00448203 -0.00967222 -0.000255532 -0.00852419 -0.008957 -0.0053482 -0.0124548 -0.02156 -0.0234211
internal_weight=0 12295.6 4472.09 7823.47 3864.67 5759.09 1787.36 2064.38 1629.99 607.424 901.587 728.402 157.371 150.876
internal_count=46697 39670 14995 24675 12845 17869 7027 6806 6285 2150 3335 2950 742 718
is_linear=0
shrinkage=0.03


Tree=26
num_leaves=16
num_cat=0
split_feature=12 16 20 2 20 20 21 16 33 40 19 35 14 4 44
split_gain=201.692 63.6427 45.7478 33.4784 26.6716 25.569 23.1807 22.8657 27.3448 20.4491 18.2491 17.201 15.7319 11.5754 10.6188
threshold=3.9950000000000006 1.0000000180025095e-35 0.18818280470892171 0.036328062937610352 0.2908633748644483 0.31328968387515582 0.6218823235910057 1.0000000180025095e-35 1.1714732551039666 1.0439175703899701 16.964282318063326 -6.8272966620495703 1.0000000180025095e-35 0.70714285714285718 0.81547538514380391
decision_type=2 2 2 2 2 2 2 2 2 2 2 2 2 2 2
left_child=1 3 10 5 6 -1 -3 8 -4 -6 13 -9 -5 -2 -12
right_child=2 4 7 12 9 -7 -8 11 -10 -11 14 -13 -14 -15 -16
leaf_value=-0.00015327368943651907 0.0076950053354284441 0.0025487946492669146 -0.015903935553064661 0.0038519027118285995 0.0021102353315428594 0.011630903229134699 -0.015805072928164045 0.013244836323959022 -0.0039812679019891242 0.0082121523406245584 -0.034066855868281121 -0.0025021432121763369 -0.0068471550894424462 -0.011293145405087732 -0.014605872843225167
leaf_weight=2721.9463842213154 29.814870104193687 4724.2216162234545 272.15702168643475 141.23915530741215 727.60540187358856 176.44358058273792 62.740478754043579 66.063576474785805 476.07142971456051 1542.5274825841188 49.34687651693821 1131.1951868236065 993.24844399094582 911.23775325715542 51.845074325799942
leaf_count=8977 110 15001 1065 455 2251 522 225 205 1753 4617 257 3896 3444 3679 240
internal_value=0 0.00186031 -0.00692172 -0.00114595 0.00357832 0.000564039 0.00230814 -0.00420434 -0.00831852 0.00625656 -0.0119937 -0.00163289 -0.00551488 -0.0106912 -0.0241015
internal_weight=0 11090 2987.73 4032.88 7057.09 2898.39 4786.96 1945.49 748.228 2270.13 1042.24 1197.26 1134.49 941.053 101.192
internal_count=46697 35492 11205 13398 22094 9499 15226 6919 2818 6868 4286 4101 3899 3789 497
is_linear=0
shrinkage=0.03


Tree=27
num_leaves=16
num_cat=0
split_feature=12 16 20 17 20 22 16 41 8 22 12 22 35 17 25
split_gain=190.145 59.8505 43.4604 32.3422 25.0695 24.0723 21.6114 24.6364 21.1646 20.7256 19.4881 16.5193 16.1559 13.4504 13.2352
threshold=3.9950000000000006 1.0000000180025095e-35 0.18818280470892171 0.63335000000000008 0.2908633748644483 1.5279480721561483 1.0000000180025095e-35 1.3000993186060732 0.65702075412966987 1.3165288682610934 3.2750000000000004 0.83834819982922015 -6.8272966620495703 4.4500000000000011 0.47222222222222227
decision_type=2 2 2 2 2 2 2 2 2 2 2 2 2 2 2
left_child=1 3 11 5 9 -1 7 -4 -5 -3 -6 13 -8 -2 -13
right_child=2 4 6 8 10 -7 12 -9 -10 -11 -12 14 -14 -15 -16
leaf_value=-0.0021964919562093288 -0.022601926559875089 -0.01284255950562024 -0.014043024854212783 -0.0023821522436066446 0.0055701147029175238 0.0053152216962625374 0.012814715330044467 -0.003098321646350342 -0.01199609409016293 0.0024964844416366159 0.021670888359431782 -0.011047488544234912 -0.002428465141602781 0.021428721286352467 0.0041993029313542769
leaf_weight=652.18911689519882 147.88909082114697 80.620427921414375 340.34465792775154 2218.9082879126072 2201.6858430206776 933.40239384770393 66.230283305048943 406.00379723310471 227.2041788995266 4707.9001102149487 69.809574842453003 828.50132828950882 1130.5595878362656 6.5047144740819922 54.58421990275383
leaf_count=2183 718 286 1327 7460 6675 2948 205 1491 807 14940 193 3344 3896 24 200
internal_value=0 0.00180418 -0.00673062 -0.00111194 0.0034695 0.0022253 -0.00408336 -0.00808977 -0.0032753 0.00223814 0.00606516 -0.0116884 -0.00158456 -0.0207437 -0.0101047
internal_weight=0 11091.7 2980.62 4031.7 7060.02 1585.59 1943.14 746.348 2446.11 4788.52 2271.5 1037.48 1196.79 154.394 883.086
internal_count=46697 35492 11205 13398 22094 5131 6919 2818 8267 15226 6868 4286 4101 742 3544
is_linear=0
shrinkage=0.03


Tree=28
num_leaves=16
num_cat=0
split_feature=12 20 20 22 34 28 21 11 45 46 25 35 42 28 4
split_gain=180.137 51.8363 25.2786 24.0397 15.361 14.828 18.4526 15.4055 13.2629 11.7637 10.3354 20.5655 12.3849 9.32006 4.5627
threshold=4.3350000000000009 0.271469027137409 0.35857726624008895 0.83834819982922015 2.723071671518849 1437.6960001824234 0.514047289490843 0.89444444444444449 0.78910129379388416 1.7518391347572588 0.38750000000000007 5.3143827287772645 1.0009246548462338 1511.9602940511847 2.0500000000000003
decision_type=2 2 2 2 2 2 2 2 2 2 2 2 2 2 2
left_child=1 5 4 8 -3 7 -7 -1 9 -2 12 -12 -5 -4 -10
right_child=3 2 13 10 -6 6 -8 -9 14 -11 11 -13 -14 -15 -16
leaf_value=-0.024998576053701125 0.0063798574507285535 0.0027185675122867918 0.018465435285394117 -0.0047835025521588389 -0.0091105746492277997 0.0028336824910230882 -0.0020310768946515366 -0.0050594357844963326 -0.040368617085887307 -0.02768701888946647 -0.0047874221037000958 0.028523325697629956 -0.010993331744534698 0.052770379603675609 -0.023114485647951946
leaf_weight=39.080445066094398 26.126229166984558 7940.6009945571423 31.629017144441605 426.02853159606457 100.02359895408154 922.71365989744663 2929.7932735830545 324.38689379394054 16.182239234447479 13.99809482693672 272.36115631461143 17.757290303707123 900.52145144343376 9.2223720252513868 96.565918564796448
leaf_count=148 109 25067 87 1632 338 2985 9913 1112 85 70 1033 57 3563 20 478
internal_value=0 0.0012842 0.00269102 -0.00895308 0.00257137 -0.00141242 -0.000865837 -0.00720477 -0.0203251 -0.00550145 -0.00787743 -0.00274662 -0.00899929 0.0262283 -0.0255969
internal_weight=0 12297.5 8081.48 1769.54 8040.62 4215.97 3852.51 363.467 152.872 40.1243 1616.67 290.118 1326.55 40.8514 112.748
internal_count=46697 39670 25512 7027 25405 14158 12898 1260 742 179 6285 1090 5195 107 563
is_linear=0
shrinkage=0.03


Tree=29
num_leaves=16
num_cat=0
split_feature=12 16 20 16 27 16 18 20 28 42 36 25 27 3 3
split_gain=170 66.4402 31.0217 30.7889 24.4895 23.9482 22.643 22.0299 15.5365 14.4143 20.952 16.7524 14.1674 12.5017 7.43809
threshold=4.3350000000000009 1.0000000180025095e-35 0.31328968387515582 0.55000000000000016 0.13392857142857145 1.0000000180025095e-35 0.55000000000000016 0.28758329737763078 1698.1815564470246 1.0009246548462338 -0.71652497451379971 0.38750000000000007 0.41428571428571431 -1.0360743495330642 0.11154113846017188
decision_type=2 2 2 2 2 2 2 2 2 2 2 2 2 2 2
left_child=1 2 6 7 -5 8 -1 -3 13 10 -7 -11 -4 -2 -10
right_child=5 3 12 4 -6 9 -8 -9 14 11 -12 -13 -14 -15 -16
leaf_value=0.0013111049291765087 0.024129828584937049 0.0004385653275842557 0.0053038088880117754 -0.00053590051816215475 0.007806271896144139 -0.010862398779732437 -0.0035864358704305842 0.004277185288429396 -0.0053001872076116089 -0.010167392709203677 0.0056802400667314984 0.0026487626701108976 0.023781030725013023 -0.010813801344762128 -0.022777505857310282
leaf_weight=1173.222471639514 9.3403492271900159 3751.3985828310251 165.82081231474876 395.58905667066574 1587.0043059289455 105.90337629616261 3079.4205008596182 2098.3011454194784 25.600998729467392 545.45213425159454 197.19655801355839 110.31759469211102 48.225301280617714 615.47754414379597 154.4786105453968
leaf_count=3843 30 12195 508 1250 4776 408 10512 6454 107 2131 703 397 132 2517 734
internal_value=0 0.0012455 -0.00167426 0.00291065 0.0061416 -0.00871371 -0.00223523 0.00181554 -0.0125294 -0.00551027 -9.895e-05 -0.00801092 0.00946911 -0.0102906 -0.0202949
internal_weight=0 12299 4466.69 7832.29 1982.59 1763.77 4252.64 5849.7 804.898 958.87 303.1 655.77 214.046 624.818 180.08
internal_count=46697 39670 14995 24675 6026 7027 14355 18649 3388 3639 1111 2528 640 2547 841
is_linear=0
shrinkage=0.03


Tree=30
num_leaves=16
num_cat=0
split_feature=12 16 16 9 2 46 28 4 20 33 0 22 24 37 20
split_gain=161.576 54.0843 38.4159 25.4261 24.2984 21.6626 20.9617 20.39 18.7856 19.333 17.578 17.3645 13.8908 12.1306 10.0877
threshold=3.9950000000000006 0.36665000000000009 1.0000000180025095e-35 -0.44077047591401869 0.74382236594643791 2.4214734426883036 1403.2635060261607 1.1833333333333336 0.19550589677562627 1.3556769296321092 3.3666666666666671 1.3165288682610934 0.77500000000000013 -9.4411596794964669 0.17172832151410497
decision_type=2 2 2 2 2 2 2 2 2 2 2 2 2 2 2
left_child=1 3 8 4 -1 10 -5 12 13 -10 -4 -9 -3 -2 -7
right_child=2 7 5 6 -6 14 -8 11 9 -11 -12 -13 -14 -15 -16
leaf_value=-0.0028787893661937482 0.0089132296346709702 0.0080122580792482152 -0.0020057425674402138 -0.011768165866145368 -0.022427892384109062 -0.042432859235310386 0.0011575996119796831 -0.017210047925600415 -0.012321944889983201 -0.0020784200485722895 -0.016245218175717915 0.0032397104940199697 -0.013088310773763927 -0.015099064427697579 -0.013930409415493755
leaf_weight=1205.8455346226692 19.588286519050598 1240.3258476704359 1584.9525286853313 115.24329134821892 60.070268645882607 15.050912231206892 5560.7034536749125 37.853304907679558 310.40285131335258 356.18523401021957 82.062079071998596 2847.560972854495 28.709977895021439 549.43955081701279 43.631154835224152
leaf_count=4003 76 3725 5646 406 222 73 18054 136 1208 1303 339 8850 96 2398 162
internal_value=0 0.00165791 -0.00622949 3.75953e-05 -0.00380684 -0.00333789 0.000895084 0.00436528 -0.0102677 -0.00684897 -0.00270698 0.00297127 0.00753455 -0.0142718 -0.0212519
internal_weight=0 11096.3 2961.31 6941.86 1265.92 1725.7 5675.95 4154.45 1235.62 666.588 1667.01 2885.41 1269.04 569.028 58.6821
internal_count=46697 35492 11205 22685 4225 6220 18460 12807 4985 2511 5985 8986 3821 2474 235
is_linear=0
shrinkage=0.03


Tree=31
num_leaves=15
num_cat=0
split_feature=12 22 21 19 12 17 35 19 44 35 42 8 19 5
split_gain=152.301 36.5259 31.314 21.8598 20.7045 18.7188 18.3749 15.95 19.8843 13.1253 15.7843 13.0134 12.8657 10.9685
threshold=3.9950000000000006 1.1295787205333352 0.44695078874723693 1.7852062212421858 1.8650000000000002 0.77500000000000013 9.6321659243389171 16.964282318063326 1.2443304170410392 -1.6443794432797629 1.0000000180025095e-35 -0.23403560352302777 1.8333157229381545 0.95000000000000007
decision_type=2 2 2 2 2 2 2 2 2 2 2 2 2 2
left_child=2 7 3 5 -4 -1 -6 8 -2 11 -11 -3 -5 -9
right_child=1 9 4 12 6 -7 -8 13 -10 10 -12 -13 -14 -15
leaf_value=0.0056370621178977419 -0.0066053147042930919 0.0058673606998257116 0.04213966830210493 0.027107029167362406 0.00011873175415693741 0.0018092829755838719 -0.020489590626956027 -0.028097521144077823 -0.016613927327314749 0.026308026537691872 -0.0057393429517585753 -0.0032368443984930793 3.4518732225557372e-05 -0.0043650462400672959
leaf_weight=1678.1185054928064 599.1962126493454 212.22982308268547 10.491309344768522 53.980882465839386 5640.4715338051319 3653.5157528221607 39.19946414232254 73.680699780583382 254.66680672764778 13.96163362264633 1355.3368299454451 422.74401943385601 22.365191891789436 23.042944639921188
leaf_count=5183 2426 715 24 144 18380 11550 142 392 1084 44 4931 1508 69 105
internal_value=0 -0.00605628 0.00160786 0.00324246 5.42761e-05 0.00301413 -2.3484e-05 -0.0108997 -0.00959092 -0.00375897 -0.00541217 -0.000193393 0.0191812 -0.0224478
internal_weight=0 2954.86 11098.1 5407.98 5690.16 5331.63 5679.67 950.587 853.863 2004.27 1369.3 634.974 76.3461 96.7236
internal_count=46697 11205 35492 16946 18546 16733 18522 4007 3510 7198 4975 2223 213 497
is_linear=0
shrinkage=0.03


Tree=32
num_leaves=16
num_cat=0
split_feature=12 20 20 19 15 28 8 40 44 8 45 46 32 28 37
split_gain=144.342 43.827 22.8132 21.909 14.4923 13.9267 21.3158 16.5194 10.7744 10.424 14.6342 10.9058 9.61565 8.72138 3.56573
threshold=4.3350000000000009 0.271469027137409 0.35857726624008895 16.964282318063326 0.45000000000000007 1437.6960001824234 -0.22692031734622953 1.977411053736718 0.81547538514380391 -0.65896955857122097 0.54877490558854314 2.2397158202141187 0.80964436260727701 1511.9602940511847 2.0159133813202064
decision_type=2 2 2 2 2 2 2 2 2 2 2 2 2 2 2
left_child=1 5 4 9 -3 6 -1 -7 14 11 -11 -2 -10 -4 -5
right_child=3 2 13 8 -6 7 -8 -9 12 10 -12 -13 -14 -15 -16
leaf_value=0.0036290821547196139 -0.011330274144816029 0.0029849531423055535 0.017278105888104821 -0.037243547369796223 -0.00012043316272920842 -0.0016029699735956547 -0.011953065091412444 0.0040557834828396817 0.0077964159692735947 0.007789248419144793 -0.0070071404888347212 -0.034801256034802025 -0.020998619664508288 0.050446147548432803 -0.017833182449876743
leaf_weight=116.24563725292683 185.99422416090965 6327.637273311615 31.657700896263123 34.765198245644569 1720.0078356713057 3309.9599388092756 246.4697567820549 540.0205457508564 14.941848263144491 62.866767659783363 1383.4276033192873 19.716765284538269 34.47958117723465 9.2317923307418805 11.410911515355108
leaf_count=378 750 19817 87 196 5588 11143 882 1755 67 232 5459 89 173 20 61
internal_value=0 0.00114252 0.00243483 -0.00807133 0.00232121 -0.00133869 -0.0069584 -0.000809154 -0.0220358 -0.00726293 -0.00636372 -0.0135829 -0.012287 0.0247844 -0.0324583
internal_weight=0 12301.2 8088.53 1747.6 8047.65 4212.7 362.715 3849.98 95.5975 1652.01 1446.29 205.711 49.4214 40.8895 46.1761
internal_count=46697 39670 25512 7027 25405 14158 1260 12898 497 6530 5691 839 240 107 257
is_linear=0
shrinkage=0.03


Tree=33
num_leaves=16
num_cat=0
split_feature=20 20 2 35 12 11 9 10 25 3 39 8 22 8 43
split_gain=136.617 48.4135 22.6545 22.4201 19.5797 14.6803 14.5004 18.7766 14.1783 14.0071 13.7704 12.5911 11.5232 11.4565 5.73611
threshold=0.25996197878094379 0.18818280470892171 0.11933109399293855 -6.8272966620495703 2.5500000000000003 2.3166666666666669 1.281284702120961 2.4222222222222229 0.47222222222222227 -0.45604756624475112 2.7519108765604732 0.063215041290528531 0.83834819982922015 0.71321148992395955 0.97729127471105715
decision_type=2 2 2 2 2 2 2 2 2 2 2 2 2 2 2
left_child=1 8 4 9 14 -6 7 -4 12 -3 -5 -10 -1 -8 -2
right_child=2 3 6 10 5 -7 13 -9 11 -11 -12 -13 -14 -15 -16
leaf_value=-0.018832161216775983 0.0082273863781419966 0.024485346635693107 0.00015442544030294279 -0.0036859002723380959 0.0030406908555396265 -0.0029643487539524958 -0.032148337184568693 -0.028429671385071419 -0.01055273083032574 0.0034538246489828239 0.0059602942773090313 0.017905787778962023 -0.0096422939607240781 -0.0059707344323914405 0.033366892796335625
leaf_weight=144.80013135075569 12.463867053389547 36.000548020005226 2412.4378912895918 3009.3547002971172 6780.9955738186836 387.26088830828667 21.38759446144104 20.851649940013885 26.468834742903709 136.92029222846031 139.32797072827816 29.646850347518921 811.93854586780071 50.851223677396774 23.938070490956306
leaf_count=732 36 105 7774 10542 21363 1270 81 78 106 457 476 104 3344 170 59
internal_value=0 -0.00443221 0.00197321 -0.00268127 0.00282774 0.00271623 -0.000483897 -9.05135e-05 -0.0101739 0.00783529 -0.00325895 0.00447754 -0.0110337 -0.0137286 0.0247721
internal_weight=0 4334.46 9710.19 3321.6 7204.66 7168.26 2505.53 2433.29 1012.85 172.921 3148.68 56.1157 956.739 72.2388 36.4019
internal_count=46697 15866 30831 11580 22728 22633 8103 7852 4286 562 11018 210 4076 251 95
is_linear=0
shrinkage=0.03


Tree=34
num_leaves=15
num_cat=0
split_feature=12 21 19 19 12 35 2 19 5 25 27 8 7 2
split_gain=129.419 39.9645 20.3882 20.1308 18.6994 18.2909 17.4623 12.4403 10.7385 10.1636 18.2818 13.1204 6.88879 5.32371
threshold=4.3350000000000009 0.44695078874723693 16.964282318063326 1.7852062212421858 1.8650000000000002 9.6321659243389171 0.24316952491005495 1.8333157229381545 0.95000000000000007 0.38750000000000007 0.29285714285714287 -0.6714221176458347 1.9000000000000001 0.3303679354357385
decision_type=2 2 2 2 2 2 2 2 2 2 2 2 2 2
left_child=1 3 9 6 -3 -6 -1 -5 13 11 -11 -2 -10 -4
right_child=2 4 8 7 5 -7 -8 -9 12 10 -12 -13 -14 -15
leaf_value=0.0035830990319142618 -0.016428676717353374 0.039627534435286868 -0.011071781532260917 0.026066311589555406 -0.00037316804453427856 -0.01958584826464678 -0.00091215218767297271 -0.00051422901745876127 0.011380467358215487 -0.0083537199047439056 0.006819791649065896 -0.0069521829872171434 -0.021958725552663844 -0.031272471299184111
leaf_weight=4395.2851164788008 147.66342280805111 10.458101168274878 14.936380311846731 54.114573985338211 6831.2365551590919 44.880482420325279 944.82290567457676 22.375969484448433 12.669297665357591 165.66438193619251 125.65050233900547 1204.914463147521 9.9440003931522352 56.024820476770401
leaf_count=13704 618 24 77 144 22523 164 3042 69 55 651 458 4803 50 315
internal_value=0 0.00107875 -0.00766799 0.00300667 -0.000437604 -0.000498641 0.0027877 0.0182877 -0.02129 -0.00689229 -0.00180801 -0.00798708 -0.00327012 -0.0270269
internal_weight=0 12303.2 1737.47 5416.6 6886.58 6876.12 5340.11 76.4905 93.5745 1643.89 291.315 1352.58 22.6133 70.9612
internal_count=46697 39670 7027 16959 22711 22687 16746 213 497 6530 1109 5421 105 392
is_linear=0
shrinkage=0.03


Tree=35
num_leaves=14
num_cat=0
split_feature=20 20 28 35 20 19 2 19 3 4 44 28 41
split_gain=122.873 43.7484 21.6526 21.1232 20.4045 18.5667 17.5534 14.2055 13.045 10.8881 10.6514 8.21937 1.87812
threshold=0.25996197878094379 0.18818280470892171 1740.9865324503537 -6.8272966620495703 0.35857726624008895 0.28545454070508797 0.11933109399293855 16.964282318063326 -0.45604756624475112 0.70714285714285718 0.81547538514380391 1511.9602940511847 2.2554629802868127
decision_type=2 2 2 2 2 2 2 2 2 2 2 2 2
left_child=1 7 4 8 6 -5 -2 9 -3 -1 -9 -6 -4
right_child=2 3 12 5 11 -7 -8 10 -10 -11 -12 -13 -14
leaf_value=0.0094495125715373992 0.0025804794414276272 0.023678961909290988 -0.050878028274064749 -0.0091044228478880281 0.015787866763964736 -0.0022248626410796609 -0.00034321686569144716 -0.03152809007104216 0.0034169752033244216 -0.0091550441184214855 -0.011131824171684752 0.04801520775315276 -0.025698355321554161
leaf_weight=29.225106239318848 7172.6911284327507 36.155098184943199 6.2755625396966916 405.35014756023884 31.660790994763374 2739.2542763352394 2489.4134478271008 44.269075825810432 136.93639129400253 883.25250208377838 48.215877488255501 9.2097533047199232 4.8132162690162659
leaf_count=110 22633 105 26 1496 87 9522 8047 257 457 3679 240 20 18
internal_value=0 -0.00421128 0.00186876 -0.00255009 0.00191669 -0.00311178 0.00182717 -0.00969502 0.00765213 -0.00855875 -0.0209003 0.0230673 -0.0400085
internal_weight=0 4322.66 9714.06 3317.7 9702.98 3144.6 9662.1 1004.96 173.091 912.478 92.485 40.8705 11.0888
internal_count=46697 15866 30831 11580 30787 11018 30680 4286 562 3789 497 107 44
is_linear=0
shrinkage=0.03


Tree=36
num_leaves=16
num_cat=0
split_feature=21 16 14 16 16 20 28 25 32 17 36 5 41 21 26
split_gain=115.79 55.2013 29.3148 27.0213 23.3183 21.4015 17.1836 17.0577 17.0295 16.7662 17.3968 16.0545 15.6235 10.692 6.60713
threshold=0.61790482542189507 1.0000000180025095e-35 1.0000000180025095e-35 1.0000000180025095e-35 0.55000000000000016 0.31328968387515582 1698.1815564470246 1.0000000180025095e-35 1.2071497999267249 1.4500000000000002 1.1288181958876524 0.5634920634920636 0.22663859088292118 0.44695078874723693 0.55000000000000016
decision_type=2 2 2 2 2 2 2 2 2 2 2 2 2 2 2
left_child=1 2 13 6 7 -4 11 -3 -6 10 -5 -2 -11 -1 -8
right_child=3 4 5 9 8 -7 14 -9 -10 12 -12 -13 -14 -15 -16
leaf_value=0.0071293824204520214 0.0032320079680141318 -0.0056162433408182928 -0.0032605508822605407 -0.003650966566987462 0.0021385320645389426 0.0079422757973357794 -0.020026087752534876 0.002203095144168376 0.0079880590326960686 0.016627745200880159 0.0061781109354062573 -0.0092659162606773867 -0.0072081044232037428 0.00021279028567868224 -0.0016088247175893571
leaf_weight=399.36078427731991 104.82043220102787 263.68991862237453 3215.9965390264988 411.42889508605003 736.32186521589756 161.14027601480484 158.85844695568085 5241.4366294890642 1144.2899125814438 25.650362029671669 267.37139347195625 784.86406162381172 692.23277597129345 405.45600832998753 19.747683197259903
leaf_count=1228 402 873 10902 1493 2273 484 777 16572 3413 87 936 3174 2667 1327 89
internal_value=0 0.00125437 -0.00149968 -0.00590701 0.00281381 -0.0027259 -0.0094986 0.00182849 0.00569796 -0.00315962 0.000220183 -0.00779308 -0.0063558 0.00364531 -0.0179917
internal_weight=0 11567.7 4181.95 2464.97 7385.74 3377.14 1068.29 5505.13 1880.61 1396.68 678.8 889.684 717.883 804.817 178.606
internal_count=46697 37072 13941 9625 23131 11386 4442 17445 5686 5183 2429 3576 2754 2555 866
is_linear=0
shrinkage=0.03


Tree=37
num_leaves=16
num_cat=0
split_feature=12 16 16 27 9 15 28 33 0 34 8 11 46 7 0
split_gain=110.404 49.1637 39.9422 21.6623 21.1537 20.6168 20.411 19.4969 19.0826 17.9343 15.6355 15.2533 14.2223 12.3046 7.12642
threshold=3.6050000000000004 1.0000000180025095e-35 0.36665000000000009 0.38750000000000007 -0.22035810996513994 1.0000000180025095e-35 1698.1815564470246 0.79753806502924762 3.3666666666666671 2.6537144516738325 -0.44706862036981326 1.788888888888889 2.4214734426883036 3.2250000000000005 4.1000000000000005
decision_type=2 2 2 2 2 2 2 2 2 2 2 2 2 2 2
left_child=2 6 4 5 9 -4 13 -5 12 -1 -6 -10 -3 -2 -8
right_child=1 8 3 7 10 -7 14 -9 11 -11 -12 -13 -14 -15 -16
leaf_value=-0.0019959261197373592 -0.0072304767377271411 -0.00050970701069506102 0.0059614265275095956 0.0002599149928594659 0.0073942135485350578 0.00060818999586706435 -0.018932030117842488 0.010129894999941071 -0.0067110695625041067 -0.022285685041230529 0.00084993926894248782 -0.033169577053115802 -0.013470700586866172 0.017819389834532382 0.0051428235904356703
leaf_weight=1820.7537901848555 1449.302462130785 2322.490655913949 1083.759074985981 233.18236710131168 358.46622960269451 1608.7824954241514 176.35414135456085 792.58816219866276 63.892141237854958 40.064559653401375 3941.5560580641031 28.315047144889832 78.774874120950699 17.849738970398903 11.782127737998961
leaf_count=5979 5577 8091 3273 727 1117 5050 854 2337 253 147 12745 131 301 61 54
internal_value=0 -0.00411052 0.00172112 0.00417654 0.00023913 0.00276302 -0.00811875 0.00788653 -0.00144952 -0.00243306 0.00139558 -0.0148419 -0.000935079 -0.00692539 -0.0174225
internal_weight=0 4148.76 9879.15 3718.31 6160.84 2692.54 1655.29 1025.77 2493.47 1860.82 4300.02 92.2072 2401.27 1467.15 188.136
internal_count=46697 15322 31375 11387 19988 8323 6546 3064 8776 6126 13862 384 8392 5638 908
is_linear=0
shrinkage=0.03


Tree=38
num_leaves=16
num_cat=0
split_feature=12 21 19 19 35 12 17 22 19 5 42 19 28 15 2
split_gain=105.285 34.2146 18.6353 18.2225 17.3262 16.7845 16.4259 13.3173 11.9597 10.5529 10.0346 13.3025 10.1938 7.59078 5.28613
threshold=4.3350000000000009 0.44695078874723693 1.7852062212421858 16.964282318063326 9.6321659243389171 1.8650000000000002 0.77500000000000013 1.5253841925301266 1.8333157229381545 0.95000000000000007 0.77228498631964781 14.912277978787378 1451.6065896234479 0.90000000000000013 0.3303679354357385
decision_type=2 2 2 2 2 2 2 2 2 2 2 2 2 2 2
left_child=1 2 6 10 5 -3 -1 -6 -4 14 11 -2 -12 -11 -5
right_child=3 4 8 9 7 -7 -8 -9 -10 13 12 -13 -14 -15 -16
leaf_value=0.0049936630216013229 -0.0021953933483873354 0.037746982836493352 0.025058144131982055 -0.0098333400043308303 -0.0282387778513737 -0.00037211647122032619 0.0014124901666466942 0.010120973623504649 -0.00099343380871401757 -0.021682988114623197 -0.016399799001203356 0.038384316075513007 -0.0065662313239727909 0.013647316911341556 -0.030284726621655378
leaf_weight=1682.5743367671967 279.73217058181763 10.401684403419493 54.216994866728783 14.515543907880781 33.993700101971626 6828.6018453985453 3661.6352297216654 10.691856056451796 22.383704632520676 9.8542172610759735 102.79348160326481 7.4539528787136069 1238.9245634078979 12.279985472559929 53.576624050736427
leaf_count=5186 1089 24 144 77 131 22523 11560 33 69 50 425 27 4989 55 315
internal_value=0 0.000968039 0.00275072 -0.00695783 -0.00043576 -0.000314041 0.00254005 -0.0190536 0.0174425 -0.0200823 -0.00623055 -0.0011398 -0.00731995 -0.00207099 -0.0259315
internal_weight=0 12304.5 5420.81 1719.13 6883.69 6839 5344.21 44.6856 76.6007 90.2264 1628.9 287.186 1341.72 22.1342 68.0922
internal_count=46697 39670 16959 7027 22711 22547 16746 164 213 497 6530 1116 5414 105 392
is_linear=0
shrinkage=0.03


Tree=39
num_leaves=14
num_cat=0
split_feature=20 22 28 35 20 38 40 17 34 38 37 37 41
split_gain=99.711 37.2908 20.3957 19.7465 18.5102 15.519 14.9789 14.0261 12.6947 20.3983 15.5548 7.9677 1.81281
threshold=0.25996197878094379 1.1295787205333352 1740.9865324503537 -6.8272966620495703 0.35857726624008895 -3.82392689084711 2.1138414902048721 0.77500000000000013 1.3961308676629411 -0.32798329684853794 -9.4411596794964669 -3.0796981907911456 2.2554629802868127
decision_type=2 2 2 2 2 2 2 2 2 2 2 2 2
left_child=1 8 4 5 7 -3 -5 -2 9 -1 -10 -6 -4
right_child=2 3 12 6 11 -7 -8 -9 10 -11 -12 -13 -14
leaf_value=0.0023557246135304517 0.0033670050008722092 -0.017097692169170342 -0.049868454862813431 -0.0035847860963901415 0.047378122825680498 0.010546994617278429 0.00316892503222945 0.00088411503769908874 0.027161735737866712 -0.01054436901017416 -0.01351063576179465 0.014969714268741319 -0.025039691363930701
leaf_weight=176.68203486502171 2944.8663302212954 20.646352827548981 6.2145874202251417 2868.848821207881 8.687806621193884 158.21055565774441 329.44613380730152 6722.958805128932 8.6132256984710676 293.53894482553005 444.28942981362343 32.112931564450264 4.7877611666917801
leaf_count=722 9232 77 26 10155 19 509 1118 21448 32 1261 1992 88 18
internal_value=0 -0.00380718 0.00167928 -0.00234645 0.00172559 0.00735337 -0.00288901 0.00164045 -0.00915068 -0.00569667 -0.0127359 0.0218878 -0.0391238
internal_weight=0 4300.28 9719.63 3377.15 9708.63 178.857 3198.29 9667.83 923.124 470.221 452.903 40.8007 11.0023
internal_count=46697 15866 30831 11859 30787 586 11273 30680 4007 1983 2024 107 44
is_linear=0
shrinkage=0.03


Tree=40
num_leaves=15
num_cat=0
split_feature=12 16 2 16 20 27 16 34 40 21 20 3 38 20
split_gain=94.3093 54.3168 31.8052 24.7602 23.6722 22.5074 19.2357 17.5959 15.9582 14.3415 16.5972 13.3977 12.361 6.662
threshold=4.3350000000000009 1.0000000180025095e-35 0.46686309799929671 0.55000000000000016 0.31328968387515582 0.13392857142857145 1.0000000180025095e-35 1.9903291390576709 0.91746787368829319 0.63405614164185786 0.21620415917062369 -1.0360743495330642 -5.7693212555704347 0.21730556143121818
decision_type=2 2 2 2 2 2 2 2 2 2 2 2 2 2
left_child=1 2 4 7 -1 -5 11 -3 -4 13 -11 -2 -13 -8
right_child=6 3 8 5 -6 -7 9 -9 -10 10 -12 12 -14 -15
leaf_value=-0.0013699447340312523 0.025832396917616008 0.0020894794395421982 -0.00029660976676941725 -0.0010862664145627353 0.0091532667382060451 0.0069058248194831719 -0.015065364683464163 -0.0027010061212194812 -0.012256384801705399 -0.0033726112042458244 0.030582873406572769 0.0048353041821692973 -0.011490701650976615 -0.046321053123758199
leaf_weight=3764.6968013495207 9.208823233842848 5056.9566994309425 139.85196487605572 396.06051881611347 202.73707494139671 1590.179907143116 38.762672066688538 799.06402815878391 356.50214259326458 878.29860897362232 13.138071313500403 44.277737766504288 719.23749594390392 7.304869979619979
leaf_count=12615 30 16033 485 1250 600 4776 151 2616 1295 3416 40 180 3178 32
internal_value=0 0.000913849 -0.0017279 0.00241756 -0.000832108 0.00531204 -0.00660458 0.00143575 -0.0088873 -0.00371551 -0.0028715 -0.0101093 -0.0105435 -0.020037
internal_weight=0 12306 4463.79 7842.26 3967.43 1986.24 1710.23 5856.02 496.354 937.504 891.437 772.724 763.515 46.0675
internal_count=46697 39670 14995 24675 13215 6026 7027 18649 1780 3639 3456 3388 3358 183
is_linear=0
shrinkage=0.03


Tree=41
num_leaves=16
num_cat=0
split_feature=20 16 20 35 16 25 16 17 25 3 16 16 36 9 35
split_gain=90.3119 41.8749 33.9656 18.8907 20.1078 18.7401 18.4178 28.0252 16.1156 16.1052 14.4951 13.1213 14.7291 14.5344 5.27282
threshold=0.25996197878094379 0.55000000000000016 0.18818280470892171 -6.8272966620495703 0.29165000000000002 0.68333333333333346 1.0000000180025095e-35 0.63335000000000008 0.18333333333333338 -0.024243717881090292 1.0000000180025095e-35 0.45000000000000007 -0.13169594751548172 -0.6013910126737444 1.032016059593275
decision_type=2 2 2 2 2 2 2 2 2 2 2 2 2 2 2
left_child=2 6 11 4 -4 9 7 -2 -8 -3 -5 13 -13 -1 -7
right_child=1 5 3 10 -6 14 8 -9 -10 -11 -12 12 -14 -15 -16
leaf_value=-0.018100191749703714 0.0023120314773500505 0.0090290342799154311 -5.765636152117847e-06 -0.0053130340645141739 0.021443687828778202 -0.047489483736580178 -0.0015056755493393448 -0.0031493769054528448 0.0028756228650746798 0.0030405690543984878 -0.0011074048932469057 -0.01522633738551492 0.010420584561963955 -0.0079014041772944212 -0.0072175143101198148
leaf_weight=151.54370181262493 1425.8004363328218 870.77581457793713 112.7300086170435 1189.3904868811369 60.382009416818619 7.2029138654470426 954.37772183120251 2078.0501521974802 3625.9345795810223 754.68677558004856 1942.2210876345634 29.601534441113472 63.06677383184433 741.12550936639309 4.9628364592790604
leaf_count=699 4566 2552 388 4419 174 28 3060 6990 11320 2299 6599 125 238 3224 16
internal_value=0 0.00159642 -0.00362918 -0.00217146 0.00747494 0.005971 0.000710212 -0.000926914 0.00196265 0.00624887 -0.00270482 -0.00851785 0.00222405 -0.00963332 -0.0311052
internal_weight=0 9721.79 4290.06 3304.72 173.112 1637.63 8084.16 3503.85 4580.31 1625.46 3131.61 985.338 92.6683 892.669 12.1658
internal_count=46697 30831 15866 11580 562 4895 25936 11556 14380 4851 11018 4286 363 3923 44
is_linear=0
shrinkage=0.03


Tree=42
num_leaves=16
num_cat=0
split_feature=12 16 15 9 18 27 33 4 21 12 19 30 25 8 1
split_gain=85.208 40.6136 29.5876 22.8739 22.2108 21.3812 18.8069 17.6075 16.6751 15.6139 15.3689 12.6166 16.5926 15.5502 6.31629
threshold=3.9950000000000006 0.36665000000000009 0.45000000000000007 -0.44077047591401869 2.7750000000000004 0.38750000000000007 0.79753806502924762 1.1833333333333336 0.7760265064717905 3.2250000000000005 0.28545454070508797 118.1960167907081 0.58571428571428574 -0.022060679080639158 0.77500000000000013
decision_type=2 2 2 2 2 2 2 2 2 2 2 2 2 2 2
left_child=1 3 8 4 -1 7 -7 -3 10 -5 -2 13 -13 -4 -10
right_child=2 5 11 9 -6 6 -8 -9 14 -11 -12 12 -14 -15 -16
leaf_value=-0.0030101175525062865 -0.0053786270460192973 0.005671949895342557 0.0023414385931356126 0.0027593439843336385 -0.022440688474764773 -6.3866331706803438e-05 0.0091587571145222649 0.00070736489677766822 -0.0036091329622875514 -0.00054569836199329521 0.001225037725719877 -0.010255525583385789 0.018093801708559083 -0.010359566292463668 -0.017318291008658813
leaf_weight=1209.9903566241264 467.91711993515491 925.15036623179913 203.42442479729652 1968.4771748185158 55.366332367062569 257.70139104127884 872.63410945236683 2108.3068060129881 48.59320655465126 3712.8114505559206 984.47778686881065 941.67578986287117 18.93879134953022 151.2221627086401 80.40582075715065
leaf_count=4021 1780 2796 730 6180 204 806 2584 6621 213 12280 3472 4000 66 577 367
internal_value=0 0.00119123 -0.00458601 -0.000212991 -0.00386072 0.00353403 0.00705587 0.00222159 -0.00182063 0.000599397 -0.000902276 -0.00791069 -0.00969612 -0.00307359 -0.0121571
internal_weight=0 11110.4 2896.66 6946.65 1265.36 4163.79 1130.34 3033.46 1581.39 5681.29 1452.39 1315.26 960.615 354.647 128.999
internal_count=46697 35492 11205 22685 4225 12807 3390 9417 5832 18460 5252 5373 4066 1307 580
is_linear=0
shrinkage=0.03


Tree=43
num_leaves=16
num_cat=0
split_feature=20 16 16 34 20 10 28 7 27 0 32 18 3 0 10
split_gain=80.7924 37.2971 30.2232 21.2553 19.2885 18.5344 17.9756 17.7531 16.3907 15.64 14.3806 13.527 13.0389 11.1432 8.44233
threshold=0.25724083821596705 0.36665000000000009 1.0000000180025095e-35 2.2181156491177498 0.19550589677562627 2.4222222222222229 1403.2635060261607 3.2250000000000005 0.38750000000000007 3.3666666666666671 2.0264758808766214 0.29165000000000002 0.76834708094249327 4.3000000000000016 2.7250000000000005
decision_type=2 2 2 2 2 2 2 2 2 2 2 2 2 2 2
left_child=2 3 4 6 13 8 -2 -6 -3 11 -5 -4 -11 -1 -7
right_child=1 5 9 10 7 14 -8 -9 -10 12 -12 -13 -14 -15 -16
leaf_value=-0.011858502557130121 -0.010632196468807309 0.0027670338189490829 -0.010920863604321476 -0.0094948030472757107 -0.0048026249199893175 -0.039511663144741735 0.00076526029357882469 0.031626630092440856 0.007229432935347036 -0.032537219364803235 0.0040168594361338211 -0.00044660145416682148 -0.0067748537515533204 0.022693023752912798 0
leaf_weight=530.39101049304008 127.36841017007828 2683.2115662544966 116.64730763435364 323.03450332581997 1113.4026896804571 12.795247822999956 5585.3800253421068 12.15947040915489 1023.5702944993973 24.162573173642159 90.783126816153526 2277.3651807159185 66.043113008141518 8.5211637765169126 7.8622297644615164
leaf_count=2438 444 8264 440 1112 4121 49 18032 37 3049 107 293 7975 275 36 25
internal_value=0 0.00147511 -0.00351545 3.54397e-05 -0.00664367 0.00384133 0.000511078 -0.00440853 0.00399935 -0.00141935 -0.00652987 -0.000957125 -0.0136818 -0.0113112 -0.0244876
internal_weight=0 9854.01 4148.69 6126.57 1664.47 3727.44 5712.75 1125.56 3706.78 2484.22 413.818 2394.01 90.2057 538.912 20.6575
internal_count=46697 31268 15429 19881 6632 11387 18476 4158 11313 8797 1405 8415 382 2474 74
is_linear=0
shrinkage=0.03


Tree=44
num_leaves=16
num_cat=0
split_feature=20 16 22 28 35 16 25 12 34 40 44 19 31 15 35
split_gain=76.1545 36.7721 29.5866 21.3279 17.6668 17.8864 17.6568 17.3437 15.4279 14.0632 13.0005 21.3903 12.7924 11.7642 4.99694
threshold=0.25996197878094379 0.55000000000000016 1.1295787205333352 1717.7899033284018 -6.8272966620495703 0.29165000000000002 0.68333333333333346 2.1250000000000004 1.9903291390576709 2.1138414902048721 1.2443304170410392 16.128430515691907 2.1801996678292244 0.36665000000000009 1.032016059593275
decision_type=2 2 2 2 2 2 2 2 2 2 2 2 2 2 2
left_child=2 3 10 7 5 -4 8 -2 -3 -6 11 -1 -12 -5 -8
right_child=1 6 4 13 9 -7 14 -9 -10 -11 12 -13 -14 -15 -16
leaf_value=-0.0035873270045328615 0.029854317932101103 0.0046763332983713489 0.00019970002199498973 0.0035488343617904013 -0.0032358739507410508 0.020119612238345311 -0.046457655178403293 0.00064463884351189239 0.013230395462564541 0.0033143691927689104 -0.010207038432835091 -0.018578165347978022 -0.026173048324777445 -0.04501589225609072 -0.0072219617828661034
leaf_weight=552.73758932948112 18.327175199985504 1407.4192203581333 116.70424930751324 6.537278667092326 2858.421078234911 62.201106294989586 7.1786020398139936 8046.5657394230366 219.39115254580975 328.88771545886993 194.72377562522888 101.39152394235134 58.861898809671402 14.232111334800718 4.9622751623392105
leaf_count=2311 45 4222 405 21 10155 181 28 25811 629 1118 851 562 283 59 16
internal_value=0 0.00146345 -0.00334118 0.000632847 -0.00204489 0.00712779 0.00556096 0.000711091 0.00583019 -0.00255987 -0.00814801 -0.00591165 -0.0139151 -0.0297211 -0.0304649
internal_weight=0 9724.61 4273.93 8085.66 3366.21 178.905 1638.95 8064.89 1626.81 3187.31 907.715 654.129 253.586 20.7694 12.1409
internal_count=46697 30831 15866 25936 11859 586 4895 25856 4851 11273 4007 2873 1134 80 44
is_linear=0
shrinkage=0.03


Tree=45
num_leaves=16
num_cat=0
split_feature=12 16 15 14 18 2 21 9 21 2 34 30 25 8 41
split_gain=72.0577 36.8724 27.1546 25.7889 20.4719 18.3296 16.5501 15.8772 15.1173 14.8339 13.8544 11.5337 15.6278 14.7502 6.25685
threshold=3.9950000000000006 1.0000000180025095e-35 0.45000000000000007 4.5000000000000009 2.5500000000000003 0.47967152559652765 0.6218823235910057 -1.0662942987888346 0.7760265064717905 -0.33723918676147374 1.6092905253240868 118.1960167907081 0.58571428571428574 -0.022060679080639158 0.4133617666632019
decision_type=2 2 2 2 2 2 2 2 2 2 2 2 2 2 2
left_child=1 3 8 5 -5 -1 7 -3 9 -2 -8 13 -13 -4 -10
right_child=2 6 11 4 -6 -7 10 -9 14 -11 -12 12 -14 -15 -16
leaf_value=0.0016271956149020589 -0.0060198689753916974 0.018976543475453217 0.0024705206167916828 -0.0027050654142133997 -0.012734883447776912 -0.010499041248303064 -0.0041677804971835602 0.0024105910057908293 0.0094583383118813716 0.0010256715951025598 -0.035481036078890714 -0.0096968216835800983 0.017786221748492339 -0.009921580873770609 -0.013595810009817496
leaf_weight=2093.5243813246489 356.76723738014698 52.457350939512253 203.12308377027512 1610.8846424371004 206.66998359560966 118.52494764328003 45.966628581285477 6966.4985412359238 11.639406993985174 1092.3811761587858 17.587013825774193 933.14647300541401 18.984039500355721 150.45054146647453 115.77646006643772
leaf_count=6757 1326 149 730 5481 743 417 158 21717 48 3926 70 4000 66 577 532
internal_value=0 0.00109292 -0.00423027 -0.00119809 -0.00384576 0.000977273 0.00239643 0.00253447 -0.00158004 -0.000708699 -0.0128419 -0.00743002 -0.00914836 -0.00280178 -0.0114869
internal_weight=0 11112.1 2882.27 4029.6 1817.55 2212.05 7082.51 7018.96 1576.56 1449.15 63.5536 1305.7 952.131 353.574 127.416
internal_count=46697 35492 11205 13398 6224 7174 22094 21866 5832 5252 228 5373 4066 1307 580
is_linear=0
shrinkage=0.03


Tree=46
num_leaves=16
num_cat=0
split_feature=20 16 20 17 3 20 16 8 35 16 12 11 16 9 36
split_gain=68.2682 33.3377 27.85 24.0259 18.2973 17.5352 17.1338 23.2294 15.5986 20.6296 14.6174 13.1621 11.768 14.0604 13.8939
threshold=0.2616298671768415 1.0000000180025095e-35 0.18818280470892171 0.63335000000000008 -0.0061978727274126502 0.31423811406246666 0.90000000000000013 -0.018244058050719103 -6.8272966620495703 0.29165000000000002 3.4450000000000007 2.5857142857142863 0.45000000000000007 -0.6013910126737444 -0.13169594751548172
decision_type=2 2 2 2 2 2 2 2 2 2 2 2 2 2 2
left_child=2 3 12 5 -5 -2 11 -8 9 -4 -10 -3 13 -1 -14
right_child=1 6 8 4 -6 -7 7 -9 10 -11 -12 -13 14 -15 -16
leaf_value=-0.017039955976514021 0.0012230455989395578 0.0025522305542937064 -0.00069380424559249384 -0.0057928343201323349 -6.1842178059708642e-05 0.015112357308493037 0.015777194969123113 0.0011560403865566999 0.017495811796970757 0.020523681252635397 -0.0024636760057999154 -0.0084825557225435243 -0.014435729502763823 -0.0069013195885621863 0.010595784472738359
leaf_weight=148.19823345541954 1309.9560195356607 5571.1935353279114 117.01246874034405 1040.7990248352289 967.61022414267063 87.254129946231842 206.21547912061214 186.09138344228268 33.339410781860352 63.659474164247513 3338.9282285869122 98.991013050079346 29.212651416659355 728.85618022084236 62.907001212239265
leaf_count=699 4225 17279 405 3550 3206 247 575 564 100 182 11749 329 125 3224 238
internal_value=0 0.00144486 -0.00303577 -0.000930183 -0.00303192 0.00209073 0.0027791 0.0088426 -0.00180603 0.00678121 -0.00226621 0.00235952 -0.00754356 -0.00861499 0.00265392
internal_weight=0 9468.11 4522.11 3405.62 2008.41 1397.21 6062.49 392.307 3552.94 180.672 3372.27 5670.18 969.174 877.054 92.1197
internal_count=46697 29975 16722 11228 6756 4472 18747 1139 12436 587 11849 17608 4286 3923 363
is_linear=0
shrinkage=0.03


Tree=47
num_leaves=15
num_cat=0
split_feature=12 16 2 14 16 27 16 34 40 22 27 3 38 36
split_gain=64.4891 39.4875 28.2735 19.4807 18.4607 20.4497 15.9969 15.7756 15.2946 14.5029 14.3412 12.7462 11.8219 8.47284
threshold=4.3350000000000009 1.0000000180025095e-35 0.46686309799929671 4.5000000000000009 0.55000000000000016 0.13392857142857145 1.0000000180025095e-35 1.9903291390576709 0.91746787368829319 1.3019971311144256 0.21111111111111114 -1.0360743495330642 -5.7693212555704347 2.9512902951143252
decision_type=2 2 2 2 2 2 2 2 2 2 2 2 2 2
left_child=1 2 3 -1 7 -6 11 -3 -4 10 -8 -2 -13 -11
right_child=6 4 8 -5 5 -7 9 -9 -10 13 -12 12 -14 -15
leaf_value=0.0012222065797447897 0.026384821685805162 0.0018006984680032174 0.00014357980705188744 -0.0030109305125999306 -0.0015691359611539714 0.0060446022455066736 -0.0055499330106003539 -0.0027353856755452481 -0.011587937322069896 -0.012799393770386452 0.0021500689562782053 0.0059619525368204661 -0.010131301935379233 -0.045214774212853304
leaf_weight=2197.4168772995472 9.1625809818506223 5061.4570073187351 139.28344412147999 1763.6350891888142 396.45213568210602 1592.8593737334013 466.12911483645439 798.88935576379299 354.30010774731636 43.704129993915558 408.36409543454647 43.604646191000938 701.89503571391106 8.7113187164068204
leaf_count=7146 30 16033 485 6069 1250 4776 1865 2616 1295 170 1565 180 3178 39
internal_value=0 0.000749698 -0.00150628 -0.0006625 0.00202999 0.0045271 -0.00551387 0.00118228 -0.0082769 -0.00287313 -0.00195392 -0.00875687 -0.00918953 -0.0182001
internal_weight=0 12304.3 4454.64 3961.05 7849.66 1989.31 1681.57 5860.35 493.584 926.909 874.493 754.662 745.5 52.4154
internal_count=46697 39670 14995 13215 24675 6026 7027 18649 1780 3639 3430 3388 3358 209
is_linear=0
shrinkage=0.03


Tree=48
num_leaves=16
num_cat=0
split_feature=12 16 16 22 28 17 28 43 22 0 11 5 46 15 0
split_gain=61.6126 35.7335 25.3501 21.9416 18.9319 17.4443 16.3354 16.2138 16.0058 15.5812 14.6952 13.1014 12.97 11.0294 6.91237
threshold=3.6050000000000004 1.0000000180025095e-35 0.55000000000000016 1.4092925555704692 1717.7899033284018 0.63335000000000008 1698.1815564470246 2.7438016500540181 1.4181647302396809 3.3666666666666671 1.788888888888889 0.76388888888888895 2.4214734426883036 0.36665000000000009 4.1000000000000005
decision_type=2 2 2 2 2 2 2 2 2 2 2 2 2 2 2
left_child=2 6 4 11 5 -1 7 -2 -5 12 -11 -4 -3 -6 -8
right_child=1 9 3 8 13 -7 14 -9 -10 10 -12 -13 -14 -15 -16
leaf_value=0.0028142299886482788 -0.0059876777870687221 3.5230370529708064e-05 -0.037518768669943463 0.029525987651935193 0.0033105513369937759 -0.00022347243492090003 -0.016668796086490849 0.01544247375946029 0.0049663411245746622 -0.0051024825590357458 -0.031563267893010422 -0.0051185484174979708 -0.012429508920183586 -0.044140041030308254 0.0075016579434431692
leaf_weight=2406.958523645997 1407.4553147107363 2307.4349141865969 14.785104453563688 24.24661311507225 6.5446639955043819 5803.5999739915133 167.04736939072609 32.491407945752144 1572.4306889474392 62.429633527994156 27.099992483854294 46.787086352705956 77.647472321987152 13.418917968869208 11.350532218813894
leaf_count=7597 5516 8091 56 64 21 18739 854 122 4690 253 131 152 301 56 54
internal_value=0 -0.00309885 0.00127784 0.00466185 0.000596008 0.000667008 -0.00656511 -0.00550381 0.00533967 -0.000831856 -0.013118 -0.0129084 -0.00037049 -0.0285754 -0.0151289
internal_weight=0 4092.96 9888.77 1658.25 8230.52 8210.56 1618.34 1439.95 1596.68 2474.61 89.5296 61.5722 2385.08 19.9636 178.398
internal_count=46697 15322 31375 4962 26413 26336 6546 5638 4754 8776 384 208 8392 77 908
is_linear=0
shrinkage=0.03


Tree=49
num_leaves=16
num_cat=0
split_feature=20 16 21 17 3 20 16 35 7 16 8 41 34 37 41
split_gain=58.3686 29.3144 24.9681 21.2896 17.3317 16.4386 16.0602 22.783 17.8603 15.0998 21.7825 12.8752 11.4373 14.3589 13.4813
threshold=0.2616298671768415 1.0000000180025095e-35 0.73672442618184475 0.63335000000000008 -0.0061978727274126502 0.31423811406246666 0.36665000000000009 -6.8272966620495703 3.2250000000000005 0.90000000000000013 -0.018244058050719103 0.64200143518978792 1.6142212657530339 -8.7915527991073734 0.22663859088292118
decision_type=2 2 2 2 2 2 2 2 2 2 2 2 2 2 2
left_child=2 3 6 5 -5 -2 8 -8 -1 11 -11 -3 14 -14 -4
right_child=1 9 12 4 -6 -7 7 -9 -10 10 -12 -13 13 -15 -16
leaf_value=-0.0035268189634554193 0.0011080764819257718 -0.0016333444558351037 0.019944756050050232 -0.0055640445471871174 1.6031209707925266e-05 0.014549089145707546 0.018119906867913958 -8.3515214817829326e-05 0.021338969280427923 0.014986532917368615 0.00083231518517911578 0.0027250009371952121 0.02600273422615549 -0.014799062825539043 -0.0063630947946486842
leaf_weight=2519.3772773295641 1310.679121941328 695.13780704140663 18.307173237204552 1039.1765333265066 967.02804085612297 87.347812473773956 65.135866597294807 1233.6312647610903 26.255241826176643 206.3921050876379 186.15931512415409 4977.7574048787355 8.0180214047431928 231.3579323887825 406.17614203691483
leaf_count=9221 4225 2204 71 3550 3206 247 191 4162 85 575 564 15404 32 1119 1841
internal_value=0 0.00133424 -0.00281301 -0.000893696 -0.00287421 0.00194817 -0.00188514 0.000829326 -0.00327016 0.00258472 0.00827515 0.00219089 -0.00818572 -0.0134301 -0.00522734
internal_weight=0 9469.68 4508.26 3404.23 2006.2 1398.03 3844.4 1298.77 2545.63 6065.45 392.551 5672.9 663.859 239.376 424.483
internal_count=46697 29975 16722 11228 6756 4472 13659 4353 9306 18747 1139 17608 3063 1151 1912
is_linear=0
shrinkage=0.03


Tree=50
num_leaves=16
num_cat=0
split_feature=20 16 2 20 0 19 16 36 33 44 44 30 9 32 37
split_gain=55.3948 36.2219 25.6692 19.8566 18.7602 15.4905 15.3448 14.1928 11.4098 11.2832 10.46 17.3796 11.9777 9.86047 3.98835
threshold=0.21514170576063682 1.0000000180025095e-35 0.46686309799929671 0.31328968387515582 3.1000000000000005 16.964282318063326 0.55000000000000016 4.198544263361681 2.3944315534087068 0.81547538514380391 1.0366008343225781 184.35903541125245 0.057802167850677412 0.80964436260727701 2.0159133813202064
decision_type=2 2 2 2 2 2 2 2 2 2 2 2 2 2 2
left_child=5 2 3 -2 6 10 -3 -4 -6 14 12 -12 -1 -11 -7
right_child=1 4 7 -5 8 9 -8 -9 -10 13 11 -13 -14 -15 -16
leaf_value=-0.0045315099070875721 -0.0011616816155654466 0.0012995010972540271 -0.0092569260822472771 0.0084721767659965211 -0.0077133822983309203 -0.034846873678783745 0.0043651720941080604 0.011689134626901998 -0.040432050210234334 0.013927506332007289 -0.0046702008896103986 -0.015663995337364973 0.0035935173224570772 -0.01671982602766775 -0.012791541303750662
leaf_weight=490.86243218183517 3744.3358051329851 5797.3561727404594 460.86785601079464 202.97595769166946 79.445715069770813 29.640002369880676 1968.5982187986374 31.056703448295593 10.909646838903425 13.638799369335173 699.96493159234524 158.81546314060688 244.64512206614017 30.64777447283268 9.909866660833357
leaf_count=2038 12581 18420 1678 600 274 196 5952 102 43 67 2825 718 969 173 61
internal_value=0 0.000694491 -0.00147162 -0.0006662 0.0019185 -0.00511615 0.00207666 -0.00793372 -0.0116712 -0.0176859 -0.00445487 -0.00670381 -0.00182854 -0.00727368 -0.0293328
internal_weight=0 12295.5 4439.24 3947.31 7856.31 1678.12 7765.95 491.925 90.3554 83.8364 1594.29 858.78 735.508 44.2866 39.5499
internal_count=46697 39650 14961 13181 24689 7047 24372 1780 317 497 6550 3543 3007 240 257
is_linear=0
shrinkage=0.03


Tree=51
num_leaves=16
num_cat=0
split_feature=12 16 2 15 3 28 35 21 9 19 46 21 31 42 29
split_gain=52.6775 26.6708 23.1234 23.09 23.0348 17.8451 21.0451 15.0627 14.8629 14.7248 14.0807 13.9681 12.6651 13.4846 12.4855
threshold=3.9950000000000006 1.0000000180025095e-35 0.036328062937610352 0.45000000000000007 -0.014594086174454171 1475.4589369576954 -7.757745680512584 0.6218823235910057 -1.0662942987888346 0.3108803244744161 1.1896106945758949 0.77007125297158108 0.75436581039293371 1.2171940370635663 1520.0735876091287
decision_type=2 2 2 2 2 2 2 2 2 2 2 2 2 2 2
left_child=1 2 4 5 -1 6 -2 8 -3 -4 -9 -7 14 -14 -5
right_child=3 7 9 12 -6 11 -8 10 -10 -11 -12 -13 13 -15 -16
leaf_value=-0.0020261213539800342 0.026503229274494364 0.018058171792257941 -0.034998991109904426 0.014540181605565543 0.0033500778874011638 0.0017825732401270673 -0.0077682069871048741 0.0048611903831468342 0.0020494712170122924 -0.004279551321638324 -0.024018776666946993 -0.01007558446711381 -0.0032299506298581497 -0.0096547618084151555 -0.033907400797948385
leaf_weight=1590.7200521081686 16.772404834628105 52.584595322608948 14.216053307056425 40.641958862543106 1306.2023195177317 1043.384123891592 410.44957190752029 25.217847436666489 6973.3819106221199 1111.9821611046791 38.146926030516624 97.765608131885529 477.91109398007393 764.8033312857151 5.4140274077653876
leaf_count=5317 53 149 58 141 4182 3736 1593 83 21717 3841 145 450 1940 3268 24
internal_value=0 0.000930807 -0.00102013 -0.00363643 0.000397869 -0.00119146 -0.00642145 0.00203799 0.00216935 -0.0046679 -0.0125215 0.000766308 -0.00661158 -0.00718426 0.00883238
internal_weight=0 11112.5 4023.12 2857.14 2896.92 1568.37 427.222 7089.33 7025.97 1126.2 63.3648 1141.15 1288.77 1242.71 46.056
internal_count=46697 35492 13398 11205 9499 5832 1646 22094 21866 3899 228 4186 5373 5208 165
is_linear=0
shrinkage=0.03


Tree=52
num_leaves=16
num_cat=0
split_feature=12 16 16 22 28 12 25 28 43 0 11 5 46 0 5
split_gain=49.8114 31.2377 20.9014 20.4951 17.8001 16.1264 16.0317 14.8831 15.4379 13.9563 14.1436 12.4071 12.1702 6.74257 5.17767
threshold=3.6050000000000004 1.0000000180025095e-35 0.55000000000000016 1.4092925555704692 1717.7899033284018 2.1250000000000004 0.68333333333333346 1698.1815564470246 2.7438016500540181 3.3666666666666671 1.788888888888889 0.76388888888888895 2.4214734426883036 4.1000000000000005 0.78888888888888908
decision_type=2 2 2 2 2 2 2 2 2 2 2 2 2 2 2
left_child=2 7 4 11 5 -1 -5 8 -2 12 -11 -4 -3 -9 -6
right_child=1 9 3 6 14 -7 -8 13 -10 10 -12 -13 -14 -15 -16
leaf_value=0.028751748695061339 -0.0055158614786677759 0.00015142617864227724 -0.03677477200869303 0.0051331543080057277 -0.016428212112777337 0.00053327185095068512 -0.029821594757158162 -0.015855083218710268 0.015395891944299172 -0.0045281787400418341 -0.030736140164291523 -0.0052007039446176429 -0.011961897512290463 0.0081511629509805131 -0.048543278052426794
leaf_weight=18.257948100566864 1398.9002259969711 2303.4896092563868 14.730257093906401 1585.9482532888651 12.768959909677507 8193.0053051561117 11.88527065515518 163.7008880674839 32.494065254926682 61.922839432954788 26.462889343500137 46.799141377210617 77.135939568281174 11.230642408132551 7.0362138301134101
leaf_count=45 5516 8091 56 4711 47 26291 43 854 122 253 131 152 301 54 30
internal_value=0 -0.00279441 0.00114678 0.00421835 0.00052752 0.000596088 0.00487278 -0.00605072 -0.00504083 -0.000675741 -0.0123809 -0.0127692 -0.000240987 -0.0143118 -0.0278717
internal_weight=0 4075.34 9890.43 1659.36 8231.07 8211.26 1597.83 1606.33 1431.39 2469.01 88.3857 61.5294 2380.63 174.932 19.8052
internal_count=46697 15322 31375 4962 26413 26336 4754 6546 5638 8776 384 208 8392 908 77
is_linear=0
shrinkage=0.03


Tree=53
num_leaves=16
num_cat=0
split_feature=21 16 2 0 28 16 20 36 3 46 2 40 21 40 33
split_gain=47.7219 28.2401 22.303 21.5139 19.169 15.6658 15.0895 14.2038 16.0886 14.352 13.315 17.5433 14.611 13.2888 11.1719
threshold=0.66767771771411588 1.0000000180025095e-35 0.46686309799929671 3.1000000000000005 1403.2635060261607 1.0000000180025095e-35 0.29307580958369017 -0.35307609717144711 -0.28406566814933326 1.2997072920112684 -0.80539964144133813 1.4665784171373171 0.67571699635055815 0.91746787368829319 2.3944315534087068
decision_type=2 2 2 2 2 2 2 2 2 2 2 2 2 2 2
left_child=1 2 4 6 -1 10 -3 8 -7 -9 11 -2 -12 -4 -5
right_child=5 3 13 14 -6 7 -8 9 -10 -11 12 -13 -14 -15 -16
leaf_value=-0.012918937500262441 -0.017387558274012699 0.0010738099108446716 0.00053006428115302221 -0.008585073956752131 -0.00019188951295657527 0.0052721983823774774 0.0040730435030530794 0.0064618639474947268 -0.011036869330190019 -0.0037129370526598317 -0.024901567113774038 0.035632065163643464 -0.0079514385482935164 -0.010239912341162432 -0.039844403603632145
leaf_weight=109.49925823509693 9.5057664662599581 5825.8320932388306 143.48970465362072 85.287109047174454 3890.0872521847486 70.437810853123665 2038.031824439764 225.58722296357155 239.25588645040989 279.12549017369747 49.531002506613731 13.683998644351957 605.05721281468868 365.90505926311016 11.703317999839781
leaf_count=401 42 18608 507 300 12998 262 6122 844 992 1139 220 47 2815 1353 47
internal_value=0 0.000603448 -0.0012935 0.00167791 -0.000540433 -0.00507345 0.00185115 -0.0022687 -0.00732646 0.000834252 -0.00844307 0.0138876 -0.00923483 -0.00720561 -0.0123638
internal_weight=0 12469.8 4508.98 7960.85 3999.59 1492.18 7863.86 814.406 309.694 504.713 677.778 23.1898 654.588 509.395 96.9904
internal_count=46697 40336 15259 25077 13399 6361 24730 3237 1254 1983 3124 89 3035 1860 347
is_linear=0
shrinkage=0.03


Tree=54
num_leaves=15
num_cat=0
split_feature=20 21 10 46 35 12 25 8 28 1 40 38 21 12
split_gain=45.6051 26.6417 17.7755 16.8781 15.9875 13.7205 12.4827 12.2949 25.2893 14.8569 10.4914 10.3051 9.91094 4.27233
threshold=0.18818280470892171 0.44695078874723693 1.0000000180025095e-35 2.4805383263098135 9.6321659243389171 1.8650000000000002 0.47222222222222227 0.063215041290528531 1548.5877095720214 0.90000000000000013 3.269616210608568 1.1821750870200733 0.4689603590127151 3.1950000000000007
decision_type=2 2 2 2 2 2 2 2 2 2 2 2 2 2
left_child=6 2 13 -4 5 -3 10 9 -9 -8 11 -1 -6 -2
right_child=1 4 3 -5 12 -7 7 8 -10 -11 -12 -13 -14 -15
leaf_value=-0.0053061891090705852 0.048129541777795659 0.034145952732854423 0.002147830838627786 -0.013560989654341674 0.0094596325703894483 -0.00062390062581113028 -0.032301830096647194 0.00069442604299973186 0.06000563089089328 0.01374736571525755 0.038674642715859534 -0.012339511035231336 -0.024249470873479926 0.018293662406104617
leaf_weight=621.64642674475908 8.1620295196771639 10.21788804233074 5347.0906550437212 62.259564414620399 9.7458222061395627 7522.7437870651484 11.732212483882906 18.828056290745739 9.8559252917766553 13.600366055965422 4.45273832976818 268.64793746173382 39.998878940939903 9.3041409105062467
leaf_count=2825 19 24 16699 214 30 25242 55 74 30 51 16 1235 156 27
internal_value=0 0.000459826 0.0020646 0.00196695 -0.000688647 -0.000576653 -0.00635308 0.00764817 0.0210982 -0.00757177 -0.00719876 -0.00742896 -0.0176387 0.0322728
internal_weight=0 13009.5 5426.82 5409.35 7582.71 7532.96 948.764 54.0166 28.684 25.3326 894.747 890.294 49.7447 17.4662
internal_count=46697 42411 16959 16913 25452 25266 4286 210 104 106 4076 4060 186 46
is_linear=0
shrinkage=0.03


Tree=55
num_leaves=16
num_cat=0
split_feature=21 16 2 16 3 41 3 5 18 34 37 43 38 35 5
split_gain=43.364 27.8617 24.2453 22.2538 19.3328 16.7375 16.4671 19.7669 15.1502 16.4482 15.4569 14.645 21.885 20.0985 10.3183
threshold=0.51711437307952524 1.0000000180025095e-35 0.64560210269120533 0.55000000000000016 -0.014594086174454339 1.6104221178384628 -0.51679101342729672 1.3166666666666669 0.77500000000000013 2.2181156491177498 -7.7111149449371386 2.0490240158766482 -3.9725480952759766 -6.8272966620495703 2.183333333333334
decision_type=2 2 2 2 2 2 2 2 2 2 2 2 2 2 2
left_child=3 2 4 8 -2 -4 14 -8 10 -10 -1 13 -13 -3 -5
right_child=1 11 5 6 -6 -7 7 -9 9 -11 -12 12 -14 -15 -16
leaf_value=-0.018255698707724238 -0.0069491870478748446 0.011771578735131022 -0.015841572220570397 0.011643816869921816 -0.00058081489730176059 -0.001158569682046176 0.00025540698426615151 0.0086729568387718982 0.00034802180340817496 -0.0060745981094565207 0.0037172729426290614 -0.028913097172840761 -0.00337462366372758 -7.2459492314421684e-05 -0.024586667901932122
leaf_weight=29.369341135025024 761.90139281749725 135.85653647780418 262.68619410693645 304.77262794971466 982.20762479305267 95.254548117518425 763.99688304960728 374.03050152957439 5304.8834115415812 384.89744582772255 1484.2666864842176 32.129765510559082 501.58604337275028 2530.4322928935289 7.2284924387931815
leaf_count=103 2921 429 1215 866 3717 395 2328 1087 16990 1293 4648 139 1929 8612 25
internal_value=0 -0.00213964 -0.00482286 0.00130578 -0.00336299 -0.0119351 0.00469666 0.00302228 0.000623159 -8.64073e-05 0.00329061 -0.000376951 -0.00491312 0.000530964 0.0108027
internal_weight=0 5302.05 2102.05 8653.45 1744.11 357.941 1450.03 1138.03 7203.42 5689.78 1513.64 3200 533.716 2666.29 312.001
internal_count=46697 19357 8248 27340 6638 1610 4306 3415 23034 18283 4751 11109 2068 9041 891
is_linear=0
shrinkage=0.03


Tree=56
num_leaves=15
num_cat=0
split_feature=20 16 14 20 9 38 3 0 4 33 38 37 16 29
split_gain=41.4944 30.9048 24.1029 15.8859 16.2343 15.6001 13.4493 12.2873 11.3637 12.6871 12.6777 15.4759 13.2609 8.85374
threshold=0.18818280470892171 1.0000000180025095e-35 4.5000000000000009 0.29307580958369017 -1.1125077239457215 0.47838285393920615 -0.014594086174454171 3.3666666666666671 0.70714285714285718 2.8641298407625446 1.2929937810203345 2.3332251345710122 0.45000000000000007 1721.9884685302866
decision_type=2 2 2 2 2 2 2 2 2 2 2 2 2 2
left_child=8 2 6 7 -5 -4 -2 -3 9 13 12 -12 -10 -1
right_child=1 3 5 4 -6 -7 -8 -9 10 -11 11 -13 -14 -15
leaf_value=-0.017169186062407568 -0.0021191294346660631 0.00091495640341029733 -0.0058753716116646051 0.040232924329511643 0.0036434569975002198 -0.0008950869560136695 0.0024245171874147488 -0.013552490757570814 -0.0058864126161176792 0.043653725775057453 -0.021199816396202185 -0.0062990939402389218 0.0080100552057375922 0.023635128062663893
leaf_weight=11.644053682684904 984.83535034954548 6178.4132998585701 1294.3014219254255 10.964292362332342 2030.9222585111856 1006.3407478928566 1448.7940239906311 53.277788758277893 584.96650946885347 8.362099424004553 104.241623878479 157.74985401332378 69.077601194381714 8.1102045178413373
leaf_count=51 3298 19865 4642 26 6106 3529 4747 198 2697 29 501 707 271 30
internal_value=0 0.000437578 -0.00149547 0.00154374 0.00384027 -0.00369705 0.000585681 0.000791197 -0.00607584 0.0127036 -0.0066527 -0.0122295 -0.00441816 -0.00039812
internal_weight=0 13007.8 4734.27 8273.58 2041.89 2300.64 2433.63 6231.69 944.152 28.1164 916.036 261.991 654.044 19.7543
internal_count=46697 42411 16216 26195 6132 8171 8045 20063 4286 110 4176 1208 2968 81
is_linear=0
shrinkage=0.03


Tree=57
num_leaves=14
num_cat=0
split_feature=20 22 45 20 8 44 30 34 28 34 28 2 4
split_gain=39.5231 18.7472 15.0238 15.0161 13.5403 13.113 20.234 15.8066 12.0062 11.813 7.78305 7.55357 5.7316
threshold=0.2616298671768415 0.83834819982922015 0.78910129379388416 0.35857726624008895 -0.65896955857122097 1.0366008343225781 118.1960167907081 0.81808310147583374 1749.355305889181 2.723071671518849 1511.9602940511847 -0.56904710206422282 2.0500000000000003
decision_type=2 2 2 2 2 2 2 2 2 2 2 2 2
left_child=1 2 4 8 -1 7 -7 -3 9 -2 11 -5 -4
right_child=3 5 12 10 -6 6 -8 -9 -10 -11 -12 -13 -14
leaf_value=-0.030493319686603276 0.0011706048756475874 0.0058747577435089684 -0.037761772500681023 0.038092857023611794 0.013885574403741233 -0.0018517329457062917 -0.0079776015634491961 -0.0014061330740918815 -0.039037529425293559 -0.0079338896132433567 0.043824557487608877 0.0038675105465888616 -0.016757599721026709
leaf_weight=8.0946752429008466 9294.7553202956915 346.53320416808128 13.726453192532061 7.6797451078891745 26.130400821566582 2188.8034194111824 623.59324070811272 1189.3597327023745 6.7201384007930747 130.03694330155849 9.0556268543004972 23.777274638414386 80.219617910683155
leaf_count=49 29401 1229 85 18 130 7761 2509 4481 28 439 20 69 478
internal_value=0 -0.00232611 -0.0136341 0.00109464 0.00337479 -0.00199269 -0.00321015 0.000236438 0.00101631 0.00104495 0.0193181 0.0122421 -0.0198334
internal_weight=0 4476.46 128.171 9472.03 34.2251 4348.29 2812.4 1535.89 9431.51 9424.79 40.5126 31.457 93.9461
internal_count=46697 16722 742 29975 179 15980 10270 5710 29868 29840 107 87 563
is_linear=0
shrinkage=0.03


Tree=58
num_leaves=15
num_cat=0
split_feature=16 2 43 28 14 39 45 21 43 39 7 19 3 2
split_gain=38.5794 36.0091 21.7401 20.4648 20.0341 16.1492 15.5368 14.0971 14.6082 13.6549 18.784 13.4205 11.4656 8.70207
threshold=1.0000000180025095e-35 0.69545449123438774 2.0666892534226413 1403.2635060261607 4.5000000000000009 0.24940063365426932 1.5036937670591823 0.44695078874723693 0.7375469613014648 2.6977766154212337 1.9000000000000001 1.7852062212421858 0.22250133832671617 -0.055088572542267455
decision_type=2 2 2 2 2 2 2 2 2 2 2 2 2 2
left_child=1 3 7 13 -5 -3 -7 11 -9 12 -11 -2 -4 -1
right_child=2 5 9 4 -6 6 -8 8 -10 10 -12 -13 -14 -15
leaf_value=-0.0085658695814843991 0.0028944749551714421 0.028638784423535013 -0.00043193465173143556 0.00095992093491521345 -0.0030107462758171529 -0.014863333404092976 -0.003258296101424747 -0.0047470191644513144 0.0011169867163428682 0.0064393738415906877 -0.013100616203930337 0.018203488722076104 -0.010110658329947828 -0.026662515609773205
leaf_weight=92.179458618164062 3336.3404803574085 9.5196954011917096 170.44363322854042 2385.55175267905 2196.5968583077192 297.54599598050117 159.59725805372 420.3012383133173 4231.1671269834042 192.62938964366913 57.476509600877762 52.343814954161644 311.75593972206116 32.335880249738693
leaf_count=341 10172 30 587 7964 7966 1330 620 1398 13900 691 241 142 1183 132
internal_value=0 -0.00205786 0.00120858 -0.00126966 -0.00094348 -0.0100066 -0.0108126 0.00165933 0.000587048 -0.0037398 0.00194737 0.00313109 -0.00669021 -0.0132696
internal_weight=0 5173.33 8772.46 4706.66 4582.15 466.663 457.143 8040.15 4651.47 732.305 250.106 3388.68 482.2 124.515
internal_count=46697 18383 28314 16403 15930 1980 1950 25612 15298 2702 932 10314 1770 473
is_linear=0
shrinkage=0.03


Tree=59
num_leaves=16
num_cat=0
split_feature=22 16 9 2 40 27 33 10 44 19 2 10 38 45 20
split_gain=36.4565 29.8743 22.6663 29.457 24.4471 20.9996 16.6114 15.3619 12.9981 18.2966 15.968 16.3782 15.7666 13.5933 3.37105
threshold=1.1295787205333352 0.36665000000000009 -0.076526005614865708 0.7107126411283593 0.82624518926798263 0.38750000000000007 0.799307278147661 1.0500000000000003 1.2443304170410392 16.128430515691907 0.98691864608629787 0.58571428571428574 -4.8933901939555868 0.57965413635398699 0.15827966163749876
decision_type=2 2 2 2 2 2 2 2 2 2 2 2 2 2 2
left_child=8 2 3 -2 -4 7 -7 -3 9 12 11 -10 -1 -11 -12
right_child=1 5 4 -5 -6 6 -8 -9 10 13 14 -13 -14 -15 -16
leaf_value=0.017885494803813448 -0.0017901373376449537 0.0032037740563562764 0.0048954857437802255 -0.012385055958286956 -0.00045013985772044275 -0.00062602511919302437 0.0074153941406389298 -0.0007557835793460478 0.017301127795320993 0.012784613761299109 -0.039309935853748486 -0.011552342505493172 -0.0028877733826555832 -0.020454230593280186 -0.018273447882910052
leaf_weight=35.185246765613556 3131.639910236001 1637.1548961400986 960.39845511317253 255.44722375273705 3882.6646857559681 301.5166651904583 990.35870389640331 1911.2278991788626 19.473982349038124 12.813678190112112 20.077244147658352 193.33239145576954 500.00716823339462 80.774887263774872 10.552777126431463
leaf_count=141 10543 5079 3144 963 12945 951 2974 6091 81 65 113 890 2170 497 50
internal_value=0 0.000393172 -0.000706708 -0.00258931 0.000609865 0.00226341 0.00553835 0.001071 -0.00594146 -0.00366195 -0.0118277 -0.00890985 -0.0015212 -0.0158992 -0.0320805
internal_weight=0 13070.4 8230.15 3387.09 4843.06 4840.26 1291.88 3548.38 872.217 628.781 243.436 212.806 535.192 93.5886 30.63
internal_count=46697 42690 27595 11506 16089 15095 3925 11170 4007 2873 1134 971 2311 562 163
is_linear=0
shrinkage=0.03


Tree=60
num_leaves=15
num_cat=0
split_feature=21 16 2 16 20 41 34 39 5 38 10 34 27 4
split_gain=35.4561 23.7351 20.5904 19.2657 18.7392 15.5157 15.0249 16.9046 14.4464 14.2777 19.365 16.2218 13.3323 10.8718
threshold=0.51711437307952524 1.0000000180025095e-35 0.64560210269120533 0.55000000000000016 0.31279808010666138 1.6104221178384628 1.9903291390576709 1.8267898990063691 1.6125000000000003 -1.016590586055474 1.0500000000000003 2.0416488890791533 0.21111111111111114 1.0500000000000003
decision_type=2 2 2 2 2 2 2 2 2 2 2 2 2 2
left_child=3 2 8 9 12 -4 7 -5 -2 11 -11 -1 -3 -8
right_child=1 4 5 6 -6 -7 13 -9 -10 10 -12 -13 -14 -15
leaf_value=-0.00022548995056146729 -0.0021027660843124674 -0.0023726127110293991 -0.01485596757629193 0.0044040078994377896 0.042958535785384958 -0.00064055470752634718 0.023119419198864385 -0.0064281152202689045 -0.010707970202032515 0.0037821313347565491 -0.0001026932470542629 -0.0067796024468573107 0.0015082037412582217 0.007501544306397219
leaf_weight=2030.4077557772398 1539.4957124739885 1596.0733585506678 257.56161088496447 1111.4876328110695 8.9715859144926053 94.501585826277733 57.132044240832329 146.75820545852184 198.20820544660091 1965.4402181059122 2799.6702090501785 408.21471270918846 1590.6920090168715 135.01186506450176
leaf_count=6520 5857 5652 1215 3294 20 395 151 466 781 6142 8998 1374 5437 395
internal_value=0 -0.00193913 -0.00442519 0.00117931 -0.000313338 -0.0110412 0.00433388 0.0031403 -0.00308453 0.000544126 0.0014996 -0.00132277 -0.000435388 0.0121479
internal_weight=0 5285.5 2089.77 8654.12 3195.74 352.063 1450.39 1258.25 1737.7 7203.73 4765.11 2438.62 3186.77 192.144
internal_count=46697 19357 8248 27340 11109 1610 4306 3760 6638 23034 15140 7894 11089 546
is_linear=0
shrinkage=0.03


Tree=61
num_leaves=15
num_cat=0
split_feature=16 2 0 28 20 39 20 32 9 25 35 33 41 3
split_gain=33.6148 31.6015 22.5296 19.0941 18.4183 15.1813 14.5724 15.5417 13.4196 12.079 11.3948 9.86908 26.9895 4.80777
threshold=1.0000000180025095e-35 0.69545449123438774 3.3666666666666671 1403.2635060261607 0.31328968387515582 0.24940063365426932 0.28777505226939737 1.0041784679154715 -0.30880032886686204 0.58571428571428574 -5.5723493964926769 1.6491599768189362 1.5706745164702312 0.76834708094249327
decision_type=2 2 2 2 2 2 2 2 2 2 2 2 2 2
left_child=1 3 6 10 -5 -3 9 -8 -7 -2 -1 12 -4 -13
right_child=2 5 11 4 -6 8 7 -9 -10 -11 -12 13 -14 -15
leaf_value=0.0019681414347765521 0.00021586146411899779 0.027964949590829895 -0.014139857467134771 -0.0012845433711446827 0.007925956174978795 -0.017728847712901816 -0.00064965584955048764 0.0043795795778605873 -0.0066530844280691679 0.0089869921825678455 -0.018409569032520445 -0.046189766247841615 0.037237480636845954 -0.019638374660373156
leaf_weight=34.020821616053581 5673.7863153964281 9.5654063373804075 61.444416254758835 4373.7793751507998 204.521753937006 144.90200688689947 750.94173902273178 2097.0748155117035 307.65990677475929 144.90908212959766 89.836202353239059 8.1948205232620221 10.811095923185347 24.866591453552246
leaf_count=121 18804 30 275 15325 605 679 2318 6292 1271 449 352 37 36 103
internal_value=0 -0.00192331 0.00112742 -0.00118753 -0.00087301 -0.00940911 0.00129506 0.00305341 -0.0102003 0.000434365 -0.0128101 -0.0126636 -0.00644438 -0.0262406
internal_weight=0 5164.29 8772.03 4702.16 4578.3 462.127 8666.71 2848.02 452.562 5818.7 123.857 105.317 72.2555 33.0614
internal_count=46697 18383 28314 16403 15930 1980 27863 8610 1950 19253 473 451 311 140
is_linear=0
shrinkage=0.03


Tree=62
num_leaves=16
num_cat=0
split_feature=20 16 9 32 2 27 33 21 38 9 31 16 36 9 16
split_gain=32.4758 24.1278 19.8594 22.4153 21.9343 18.116 15.4005 13.8596 10.4128 15.0699 11.711 11.5988 17.7103 12.0454 11.1013
threshold=0.18818280470892171 0.36665000000000009 -0.076526005614865708 0.98542011675716934 0.7107126411283593 0.38750000000000007 0.79605586621563684 0.71779801703658208 1.1821750870200733 0.57482755768121263 1.7382228187196314 0.45000000000000007 -0.13169594751548172 -0.80128488574563828 1.0000000180025095e-35
decision_type=2 2 2 2 2 2 2 2 2 2 2 2 2 2 2
left_child=8 2 4 -4 -2 7 -7 -3 11 14 -11 13 -13 -1 -10
right_child=1 5 3 -5 -6 6 -8 -9 9 10 -12 12 -14 -15 -16
leaf_value=-0.019035434553435655 -0.0016879343912260024 0.00087260117025088455 0.004123208860554969 -0.00056999393161384355 -0.010921581367919838 -0.00099566752518559162 0.0068823239875922624 0.041666175831322622 -0.022595100548441001 -0.0069080398798175013 0.017533667933936656 -0.015390840630770727 0.018133328006182406 -0.0033903680020955416 -0.0083628074750235395
leaf_weight=48.317282162606716 3118.6260763257742 3525.5375883728266 1230.3297537714243 3583.4512798935175 250.11550930142403 287.65875537693501 997.62959633767605 7.5020023137331 88.701702460646629 58.232501603662968 25.299030900001526 20.009725838899612 48.586135119199753 531.960230730474 111.36003614962101
leaf_count=247 10491 11085 4020 11951 942 908 2992 22 472 257 103 89 180 2452 486
internal_value=0 0.000384846 -0.000606869 0.000629462 -0.00237361 0.00206904 0.00511893 0.000959424 -0.00541109 -0.0102069 0.000492194 -0.00331449 0.00834898 -0.00469389 -0.0146753
internal_weight=0 13000.9 8182.52 4813.78 3368.74 4818.33 1285.29 3533.04 932.467 283.593 83.5315 648.873 68.5959 580.278 200.062
internal_count=46697 42411 27404 15971 11433 15007 3900 11107 4286 1318 360 2968 269 2699 958
is_linear=0
shrinkage=0.03


Tree=63
num_leaves=13
num_cat=0
split_feature=21 20 16 16 28 3 5 17 37 41 27 5
split_gain=31.4977 21.9913 19.7782 17.1271 15.4563 15.1181 18.5089 14.5065 20.5435 14.4743 12.2696 9.67374
threshold=0.51711437307952524 0.31279808010666138 1.0000000180025095e-35 0.55000000000000016 1698.1815564470246 -0.51679101342729672 1.3166666666666669 0.77500000000000013 -7.7111149449371386 0.23470009695328306 0.21111111111111114 2.183333333333334
decision_type=2 2 2 2 2 2 2 2 2 2 2 2
left_child=3 2 4 7 -2 11 -7 8 -1 -9 -4 -5
right_child=1 -3 10 5 -6 6 -8 9 -10 -11 -12 -13
leaf_value=-0.014578698768520967 -0.003426219435833953 0.041325435492838958 -0.0022909390051610071 0.01074839276273566 -0.012925769477861905 -0.00019551946623390981 0.0079469661472138069 -0.013121850451087817 0.0030033194809235657 -0.00018491253012445835 0.0014325592968964071 -0.02434104331988415
leaf_weight=61.488556414842606 1912.4040250331163 10.595383912324904 1594.6640081852674 304.88907180726528 167.68921115249395 764.22398662567139 374.25460737943649 79.086008712649345 2173.2349983304739 4889.6184086501598 1591.141635119915 7.2247039824724189
leaf_count=213 7333 24 5652 866 911 2328 1087 272 6809 15740 5437 25
internal_value=0 -0.00182992 -0.00191689 0.00111085 -0.00419224 0.00408494 0.00248096 0.0005119 0.00251935 -0.000390914 -0.000431155 0.00993444
internal_weight=0 5276.49 5265.9 8654.02 2080.09 1450.59 1138.48 7203.43 2234.72 4968.7 3185.81 312.114
internal_count=46697 19357 19333 27340 8244 4306 3415 23034 7022 16012 11089 891
is_linear=0
shrinkage=0.03


Tree=64
num_leaves=16
num_cat=0
split_feature=22 21 10 46 35 44 19 2 10 17 38 12 0 4 12
split_gain=29.8129 19.3866 16.6994 15.5699 15.0093 12.4728 16.9171 15.3062 15.5169 15.1397 14.8457 11.2177 11.0468 4.43311 3.91826
threshold=1.1295787205333352 0.44695078874723693 1.0000000180025095e-35 2.7299660928751548 9.6321659243389171 1.2443304170410392 16.128430515691907 0.98691864608629787 0.58571428571428574 4.4500000000000011 -4.8933901939555868 1.8650000000000002 2.3666666666666671 1.8944444444444446 3.1950000000000007
decision_type=2 2 2 2 2 2 2 2 2 2 2 2 2 2 2
left_child=5 2 14 -4 11 6 10 8 -7 -8 -1 -3 -6 -9 -2
right_child=1 4 3 -5 12 7 9 13 -10 -11 -12 -13 -14 -15 -16
leaf_value=0.017698838851195362 0.046089532460343995 0.031266507393526689 0.0017302876809777777 -0.024089265414849358 -0.023097079962942083 0.017116765088724121 -0.017939279638813695 -0.0066900213989590481 -0.010963119842204366 0.037288175929033836 -0.0024484228232914645 -0.0005552754588657485 0.016577113415394598 -0.036817909002668958 0.017569914304522923
leaf_weight=35.242995008826256 8.2023079544305819 9.9729054421186429 5390.2017673403025 21.090705633163452 41.885722041130066 19.503660202026367 86.604265324771404 5.4013750851154354 191.139498218894 4.6978170275688163 496.23199248313904 7576.0389636009932 7.4211647361516944 24.329531639814377 9.3309554755687696
leaf_count=141 19 24 16836 77 161 81 541 26 890 21 2170 25522 24 137 27
internal_value=0 0.0003538 0.00172435 0.00162956 -0.000620647 -0.00540286 -0.00316163 -0.011208 -0.00836106 -0.0150906 -0.00111155 -0.00051336 -0.0171175 -0.0313586 0.0309476
internal_weight=0 13064.1 5428.83 5411.29 7635.32 863.151 622.777 240.374 210.643 91.3021 531.475 7586.01 49.3069 29.7309 17.5333
internal_count=46697 42690 16959 16913 25731 4007 2873 1134 971 562 2311 25546 185 163 46
is_linear=0
shrinkage=0.03


Tree=65
num_leaves=15
num_cat=0
split_feature=16 2 0 28 20 43 20 12 45 25 35 36 11 42
split_gain=29.2712 27.9817 20.7619 17.9719 16.7607 13.5371 12.7608 18.4413 12.6688 12.38 10.8168 9.69038 13.8315 7.97672
threshold=1.0000000180025095e-35 0.69545449123438774 3.3666666666666671 1403.2635060261607 0.31328968387515582 0.63209484210086175 0.2908633748644483 3.2750000000000004 1.5036937670591823 0.58571428571428574 -5.5723493964926769 4.1067864938611489 1.788888888888889 1.6400193941373902
decision_type=2 2 2 2 2 2 2 2 2 2 2 2 2 2
left_child=1 3 6 10 -5 -3 9 -8 -7 -2 -1 12 -4 -13
right_child=2 5 11 4 -6 8 7 -9 -10 -11 -12 13 -14 -15
leaf_value=0.001980437265559261 0.0003062403185147107 0.022622870200991158 -0.00073221285291812294 -0.0011953754671628276 0.0075888946131813812 -0.01343927168567203 0.0026564610403776753 0.018271376777430685 -0.0028391509096082476 0.0085615361677156415 -0.017895795475918661 -0.043933778242278038 -0.028279563176907389 -0.0014561503377417463
leaf_weight=33.999643564224243 6215.7909612059593 11.943177431821821 63.148652791976929 4368.5266583561897 204.63094653189182 289.4647561237216 2212.0316473096609 70.229861676692963 156.37901797145605 167.90327529609203 89.256381273269653 13.577902764081957 22.162497267127037 5.6481219232082358
leaf_count=121 20482 38 249 15325 605 1327 6671 193 615 517 352 66 113 23
internal_value=0 -0.00179719 0.00105147 -0.00110699 -0.000802232 -0.00887714 0.00121182 0.00313717 -0.00972212 0.00052343 -0.0124109 -0.0122374 -0.00789457 -0.0314778
internal_weight=0 5154.2 8770.49 4696.41 4573.16 457.787 8665.96 2282.26 445.844 6383.69 123.256 104.537 85.3112 19.226
internal_count=46697 18383 28314 16403 15930 1980 27863 6864 1942 20999 473 451 362 89
is_linear=0
shrinkage=0.03


Tree=66
num_leaves=15
num_cat=0
split_feature=16 2 0 14 9 39 3 45 21 25 36 33 41 25
split_gain=27.5531 26.464 19.6267 17.0191 18.7168 13.7533 13.5697 12.9385 12.0904 14.9817 13.9464 9.51403 20.1958 4.75879
threshold=1.0000000180025095e-35 0.69545449123438774 3.3666666666666671 4.5000000000000009 2.3694218617418583 0.24940063365426932 -0.041937596369136389 1.5036937670591823 0.44695078874723693 1.0000000180025095e-35 -0.38009815247498857 1.771114857148534 1.5706745164702312 1.0000000180025095e-35
decision_type=2 2 2 2 2 2 2 2 2 2 2 2 2 2
left_child=1 3 8 6 -5 -3 -1 -7 9 -2 -10 12 -4 -13
right_child=2 5 11 4 -6 7 -8 -9 10 -11 -12 13 -14 -15
leaf_value=-0.0021531301167675848 -0.006128968518415742 0.026778470658920223 -0.013359013499407492 -0.0031061933005226967 0.048281143767352652 -0.01318862003815912 0.0024317510079443472 -0.0025046122106042287 -0.0015439643635471155 0.0029855776395360544 0.001602922211240742 -0.00066057152802813845 0.027895122326048204 -0.031565167174485285
leaf_weight=948.14500936865807 170.61899282038212 9.6426671296358091 60.545377567410469 2240.2177204415202 6.3867247700691214 288.5150457918644 1500.0915339291096 157.93809825181961 2216.83183555305 3319.7154643833637 2959.6152676939964 5.487842649221423 12.954002961516379 25.019478492438793
leaf_count=3219 548 30 275 8173 19 1330 4992 620 7410 10085 9820 22 45 109
internal_value=0 -0.00174448 0.00101985 -0.00107417 -0.00295976 -0.00864353 0.000656009 -0.00940984 0.00117535 0.00253993 0.000255199 -0.0119338 -0.00608123 -0.0260177
internal_weight=0 5150.94 8770.79 4694.84 2246.6 456.096 2448.24 446.453 8666.78 3490.33 5176.45 104.007 73.4994 30.5073
internal_count=46697 18383 28314 16403 8192 1980 8211 1950 27863 10633 17230 451 320 131
is_linear=0
shrinkage=0.03


Tree=67
num_leaves=16
num_cat=0
split_feature=21 38 10 21 8 15 8 5 22 45 16 40 40 33 33
split_gain=26.5413 16.9457 21.4509 15.5529 13.5446 15.8128 13.9865 11.7634 11.5221 14.8045 10.6661 9.93744 9.39325 12.6046 9.17632
threshold=0.66767771771411588 -1.016590586055474 0.81666666666666676 0.67290120188825242 0.14814379695154475 1.0000000180025095e-35 0.27438117044156002 0.31666666666666671 0.83834819982922015 0.80958608204977989 0.36665000000000009 2.5417296424206293 1.2281933577387736 1.5666413925693938 0.99816103528634204
decision_type=2 2 2 2 2 2 2 2 2 2 2 2 2 2 2
left_child=1 4 10 12 5 -1 -6 -4 9 -5 -3 -10 14 -14 -2
right_child=3 2 7 8 6 -7 -8 -9 11 -11 -12 -13 13 -15 -16
leaf_value=0.00071260197271263222 -0.041860159864728082 0.0022370684637994464 0.0096683258697493005 0.0046275850250565107 0.0075208927288740821 -0.0037717392860917246 -0.00012364925132213062 0.00019951332433382112 -0.0017634974912457187 -0.01847549957394146 0.0067868921080047866 -0.019550039636290924 0.0068394628581641961 -0.029950698803178865 -0.015107324702961642
leaf_weight=1109.0024127364159 17.664637863636017 1206.05704395473 120.42521090805531 34.992420069873333 275.41687487065792 1955.2949433922768 988.03189699351788 6051.1875722706318 1219.1014843583107 86.893613450229168 753.7104559391737 28.93616084754467 26.530970141291618 12.235204488039015 33.46987184882164
leaf_count=3541 79 3922 371 191 857 6534 3237 19613 5123 551 2261 132 98 53 134
internal_value=0 0.000445516 0.00125269 -0.00383002 -0.001071 -0.00214871 0.00154258 0.00038434 -0.00303643 -0.0118405 0.00398707 -0.00217628 -0.0159178 -0.00476907 -0.0243615
internal_weight=0 12459.1 8131.38 1459.82 4327.75 3064.3 1263.45 6171.61 1369.92 121.886 1959.77 1248.04 89.9007 38.7662 51.1345
internal_count=46697 40336 26167 6361 14169 10075 4094 19984 5997 742 6183 5255 364 151 213
is_linear=0
shrinkage=0.03


Tree=68
num_leaves=15
num_cat=0
split_feature=16 19 27 34 19 41 19 4 37 20 37 41 33 7
split_gain=25.9811 26.8668 19.1477 15.676 16.9849 14.7169 14.6165 13.894 27.5522 16.1784 13.6598 12.7323 12.1869 11.7881
threshold=0.36665000000000009 5.2083329183728839 0.38750000000000007 2.2181156491177498 3.9999997472463935 2.8423416374944797 0.29687473097662997 0.68333333333333346 -0.63434303413503124 0.16550309771966695 -9.4411596794964669 1.4231735232151248 0.79605586621563684 1.9000000000000001
decision_type=2 2 2 2 2 2 2 2 2 2 2 2 2 2
left_child=1 3 7 6 -5 12 -1 8 -2 -9 13 -12 -4 -3
right_child=2 10 5 4 -6 -7 -8 9 -10 -11 11 -13 -14 -15
leaf_value=-0.0048932140534937961 -0.0071865761021628581 -0.0048219559057438993 -0.00081802623170905561 -0.0069665171496944766 0.0102423996953614 0.036148152212144583 0.00032798638477106337 -0.012202284303229902 0.025043472182916658 0.00062328886810321231 -0.0082408692152656331 -0.00030094374058110227 0.0060335006696913118 0.059485810037877465
leaf_weight=519.17855228483677 40.659316807985306 4.9131577461957914 302.52563965320587 508.7968472391367 57.423515379428864 13.326333671808241 6838.4180269241333 90.789788417518139 57.752539023756981 3518.0295685380697 687.341463573277 247.22636763006449 1025.0835158526897 5.3373807966709137
leaf_count=2048 130 22 968 1764 202 35 22459 423 157 11137 3133 1083 3118 18
internal_value=0 -0.000980834 0.00171519 -0.000410615 -0.00522059 0.0047873 -4.04057e-05 0.000603897 0.0117251 0.00030051 -0.00576266 -0.00614082 0.00447201 0.0286587
internal_weight=0 8868.64 5048.17 7923.82 566.22 1340.94 7357.6 3707.23 98.4119 3608.82 944.818 934.568 1327.61 10.2505
internal_count=46697 30729 15968 26473 1966 4121 24507 11847 287 11560 4256 4216 4086 40
is_linear=0
shrinkage=0.03


Tree=69
num_leaves=15
num_cat=0
split_feature=16 2 0 28 14 39 5 20 31 35 25 36 36 42
split_gain=24.8021 24.5121 18.0768 16.8363 16.397 12.8956 12.5263 11.1989 16.9972 10.2799 10.1551 9.34301 11.906 7.7947
threshold=1.0000000180025095e-35 0.69545449123438774 3.3666666666666671 1403.2635060261607 4.5000000000000009 0.24940063365426932 1.4142857142857144 0.29307580958369017 1.5778319305725337 -5.5723493964926769 0.58571428571428574 4.1067864938611489 1.8285272516035438 1.6400193941373902
decision_type=2 2 2 2 2 2 2 2 2 2 2 2 2 2
left_child=1 3 7 9 -5 -3 -7 10 -9 -1 -2 12 -4 -13
right_child=2 5 11 4 -6 6 -8 8 -10 -11 -12 13 -14 -15
leaf_value=0.002042860791871836 0.00032334894599303157 0.025875287500002463 -0.017644425478139474 0.0010032575392707678 -0.002594657669330272 -0.0072979045567288436 -0.023449008243305557 0.0017965286549398555 0.0089963784481331705 -0.017358340614513301 0.0076410747185306615 -0.043155055933995844 0.0049577697456598497 -0.00091012092352427251
leaf_weight=33.966790542006493 6448.4972437247634 9.7006391137838346 45.547413907945156 2382.6021071001887 2185.7228167653084 395.18742889910936 48.544447645545006 1684.4719113409519 357.82780334353447 88.660221144556999 175.3132746219635 13.24080963432789 38.837229080498219 5.6103057116270056
leaf_count=121 21194 30 205 7964 7966 1746 204 5089 1040 352 540 66 157 23
internal_value=0 -0.00165656 0.000967271 -0.00101265 -0.000718107 -0.00831726 -0.00906601 0.00111597 0.00305819 -0.0119822 0.000517085 -0.0115113 -0.00723907 -0.0306055
internal_weight=0 5144.38 8769.35 4690.95 4568.32 453.433 443.732 8666.11 2042.3 122.627 6623.81 103.236 84.3846 18.8511
internal_count=46697 18383 28314 16403 15930 1980 1950 27863 6129 473 21734 451 362 89
is_linear=0
shrinkage=0.03


Tree=70
num_leaves=15
num_cat=0
split_feature=21 15 12 18 31 21 38 10 30 30 32 21 5 43
split_gain=24.0306 16.2584 17.3259 15.1034 17.9578 15.3327 15.1914 21.4499 14.8874 16.8285 14.7583 13.3849 13.1172 7.64565
threshold=0.514047289490843 0.90000000000000013 2.8550000000000004 2.3666500000000004 2.4603989867285132 0.35392925662182195 -1.016590586055474 1.0500000000000003 39.219168252749121 120.32933499961713 0.86294446799712488 0.85142565838410211 0.68333333333333346 1.1024636580990921
decision_type=2 2 2 2 2 2 2 2 2 2 2 2 2 2
left_child=3 2 -2 6 5 -5 12 -8 13 -10 -6 -4 -1 -3
right_child=1 8 11 4 10 -7 7 -9 9 -11 -12 -13 -14 -15
leaf_value=0.0061181630747480717 0.041796537905838885 -0.0100004624442859 -0.0010042181956100942 0.022569121581609411 -0.017477806105807167 -0.0044034965952999515 0.0045884517768418507 0.00066743723309796422 0.002604685831967836 -0.0097042922110049789 0.039861811981122423 -0.020950704824657905 -0.0011845397876892308 -0.035335095813758967
leaf_weight=244.72526627779007 8.4676002264022809 19.960425645112991 4918.441989466548 19.450483381748199 5.489051133394244 744.66648353636265 2190.9145962446928 2941.9642311483622 157.91066044569016 272.23179952800274 15.177112087607382 30.457129746675491 2317.8894658386707 23.280937239527702
leaf_count=748 19 72 17629 54 20 2477 6725 9299 568 1334 40 201 7416 95
internal_value=0 -0.00156093 -0.00105362 0.000994992 -0.00296944 -0.00371623 0.00139933 0.00234114 -0.00687288 -0.00518486 0.0246165 -0.00112708 -0.000487006 -0.0236525
internal_weight=0 5430.75 4957.37 8480.28 784.783 764.117 7695.49 5132.88 473.384 430.142 20.6662 4948.9 2562.61 43.2414
internal_count=46697 19918 17849 26779 2591 2531 24188 16024 2069 1902 60 17830 8164 167
is_linear=0
shrinkage=0.03


Tree=71
num_leaves=16
num_cat=0
split_feature=16 19 27 8 8 12 0 34 19 40 5 39 8 39 2
split_gain=23.179 23.9688 18.2058 19.2824 34.2405 16.5063 16.9199 14.6023 16.0564 14.5327 14.1607 13.2051 11.4969 11.3348 10.7443
threshold=0.36665000000000009 5.2083329183728839 0.21111111111111114 -0.0040478150461299061 0.14814379695154475 5.7550000000000008 3.3666666666666671 2.2181156491177498 3.9999997472463935 0.58663823333679821 0.31666666666666671 0.58663823333679821 -0.65896955857122097 0.55758566677625698 1.1817213703834721
decision_type=2 2 2 2 2 2 2 2 2 2 2 2 2 2 2
left_child=1 7 5 9 -5 6 -2 10 -9 -4 -1 13 -13 -3 -7
right_child=2 11 3 4 -6 14 -8 8 -10 -11 -12 12 -14 -15 -16
leaf_value=0.0083129711783662737 0.00036110720930706793 0.0044225499351014897 -0.0046025912263267191 -0.0056700233669485858 0.0045224699066568116 -0.021592225036539563 -0.028203409181859346 -0.0067376148977396893 0.0099786073048563143 0.0067173128507902972 -0.00024017867210998688 -0.013752927834339552 -0.0045869565586133089 0.050603702267009505 0.01221549589758838
leaf_weight=178.53412568569183 2334.7450808286667 19.957160934805874 111.00703296065331 477.24166892468929 783.77245078980923 49.601243935525417 18.80347940325737 507.88404473662376 57.555041491985321 1262.9360284209251 7176.5152706503868 146.78525932878256 766.70869801193476 6.2896753400564185 10.180855512619017
leaf_count=560 7404 79 378 1546 2419 242 77 1764 202 3857 23947 694 3464 19 45
internal_value=0 -0.000927218 0.0016197 0.00334385 0.000664781 -0.000262681 0.000132647 -0.000389709 -0.00503542 0.00580248 -3.25104e-05 -0.00545717 -0.00606026 0.0155157 -0.0158287
internal_weight=0 8860.23 5048.29 2634.96 1261.01 2413.33 2353.55 7920.49 565.439 1373.94 7355.05 939.741 913.494 26.2468 59.7821
internal_count=46697 30729 15968 8200 3965 7768 7481 26473 1966 4235 24507 4256 4158 98 287
is_linear=0
shrinkage=0.03


Tree=72
num_leaves=14
num_cat=0
split_feature=21 10 16 30 42 16 8 32 30 36 19 42 12
split_gain=22.6084 15.7164 16.292 22.1521 17.8614 15.3 16.0811 23.1944 22.542 12.6969 15.8894 12.7034 3.67029
threshold=0.44695078874723693 1.0000000180025095e-35 0.55000000000000016 -15.116573931167407 2.8589895853364111 1.0000000180025095e-35 0.19937084986655826 0.98860833712279395 115.992961586584 -0.38009815247498857 7.1428564199202169 1.2133947195893098 3.1950000000000007
decision_type=2 2 2 2 2 2 2 2 2 2 2 2 2
left_child=1 12 4 -4 -3 6 8 -8 -2 10 -7 -11 -1
right_child=5 2 3 -5 -6 9 7 -9 -10 11 -12 -13 -14
leaf_value=0.044459167397813588 0.00029669972775319108 0.00085981447087943687 0.0016893100146827763 0.011502771242619076 -0.018408188622192311 -0.0010618776955830871 0.0022248338882231351 -0.0089567922551966189 -0.0067288022918070636 0.0033677667463432406 -0.011836330152375202 -0.00052297241092118534 0.016889830022757336
leaf_weight=8.2234679609537142 1802.5276363939047 4449.5267965644598 603.41534800827503 315.20369313657284 43.71417835354805 2101.9049980044365 224.80918525159359 648.35594018548727 532.4159222394228 1412.0735453516245 130.8543067574501 1623.4945633858442 9.3540466427803022
leaf_count=19 6219 14073 1797 886 157 6902 863 2537 2468 4634 593 5522 27
internal_value=0 0.00150866 0.00141659 0.005057 0.000672251 -0.000970876 -0.0026042 -0.00607758 -0.00130516 2.36678e-05 -0.00169352 0.00128681 0.0298229
internal_weight=0 5429.44 5411.86 918.619 4493.24 8476.44 3208.11 873.165 2334.94 5268.33 2232.76 3035.57 17.5775
internal_count=46697 16959 16913 2683 14230 29738 12087 3400 8687 17651 7495 10156 46
is_linear=0
shrinkage=0.03


Tree=73
num_leaves=16
num_cat=0
split_feature=21 16 30 36 3 9 18 16 28 40 39 36 13 46 41
split_gain=21.2761 14.5549 20.8451 20.9059 17.7647 16.5458 22.4259 14.4157 16.7099 16.9709 14.2588 11.9487 14.4855 13.5129 9.83369
threshold=0.44695078874723693 0.55000000000000016 -15.116573931167407 -0.49574607550011929 0.37897555074577999 -0.35064187345611308 2.7750000000000004 1.0000000180025095e-35 1698.1815564470246 0.82764818817263752 0.60618583289625116 -0.38009815247498857 9.6900000000000013 1.2945884653156743 0.23470009695328306
decision_type=2 2 2 2 2 2 2 2 2 2 2 2 2 2 2
left_child=1 5 3 -3 -4 6 -1 8 9 -2 -7 12 -9 -13 -10
right_child=7 2 4 -5 -6 10 -8 11 14 -11 -12 13 -14 -15 -16
leaf_value=-0.0018282074882384914 0.0022321523122747966 0.0068111140852710498 0.013672046067871908 -0.0043892419115000953 -0.0090181449307969695 -0.0026698603929698407 -0.025535165628472571 -0.0010556527332736523 0.033728489078599676 -0.0032043949084130129 0.0025217516154079026 0.0032721065518568119 -0.011583387503858964 -0.00073074956696852881 -0.013005978180679402
leaf_weight=907.8510806709528 660.03048822283745 324.77635385096073 280.28371287882328 278.64066588878632 34.900310829281807 565.88078846037388 37.384527504444122 2107.1606500446796 4.1441348120570174 2379.9813819527626 3000.0431494414806 1500.9265139400959 124.58133574575186 1535.3216863498092 160.81078716367483
leaf_count=2916 2416 938 775 859 111 1816 139 6926 20 8747 9405 4913 569 5243 904
internal_value=0 0.00146331 0.0049054 0.00163863 0.0111584 0.000762331 -0.00276641 -0.000942207 -0.00252867 -0.00202394 0.0016978 2.29216e-05 -0.00164352 0.00124791 -0.0118281
internal_weight=0 5429.76 918.601 603.417 315.184 4511.16 945.236 8472.96 3204.97 3040.01 3565.92 5267.99 2231.74 3036.25 164.955
internal_count=46697 16959 2683 1797 886 14276 3055 29738 12087 11163 11221 17651 7495 10156 924
is_linear=0
shrinkage=0.03


Tree=74
num_leaves=15
num_cat=0
split_feature=16 9 4 18 27 33 22 45 40 41 10 4 42 11
split_gain=19.9859 20.9802 19.168 17.324 17.0689 15.367 14.5833 17.4793 16.0736 13.787 13.6746 17.993 14.7817 12.5307
threshold=0.36665000000000009 -0.25968113424457739 2.1055555555555561 2.7750000000000004 0.38750000000000007 1.0000000180025095e-35 1.5272298744944572 2.382327693001284 0.98475505106272376 2.8423416374944797 1.0500000000000003 1.5277777777777779 1.4252193765046777 0.76388888888888895
decision_type=2 2 2 2 2 2 2 2 2 2 2 2 2 2
left_child=1 2 3 -1 10 -4 8 -8 -3 13 11 -2 -12 -6
right_child=4 6 5 -5 9 -7 7 -9 -10 -11 12 -13 -14 -15
leaf_value=-0.0016309061225920195 0.0047649261952095578 0.0017561085864546567 0.038986929367716416 -0.014993504552293913 -0.0089630190705239279 -0.010911987793117891 0.0021080481662609884 -0.0092981804762390201 -0.0027152843813630944 0.03468434526485864 -0.0032123305000553485 -0.001568119292570473 0.0021726867970628502 0.0047475003595804192
leaf_weight=2180.2297266423702 1083.4915100038052 1064.2453860044479 5.6428624391555777 90.960030376911163 62.956875547766685 312.82364589720964 2811.5382378101349 126.33181402087212 2259.7681560888886 13.389755010604857 1257.519294500351 643.48403853923082 722.18608142435551 1265.3163143992424
leaf_count=7516 3284 3907 19 334 203 1395 8928 433 8197 35 4091 2179 2293 3883
internal_value=0 -0.000861785 -0.00313294 -0.00216627 0.00150361 -0.0100257 7.74267e-05 0.00161744 -0.00128359 0.0044031 0.000454026 0.00240502 -0.00124775 0.00409737
internal_weight=0 8851.54 2589.66 2271.19 5048.34 318.467 6261.88 2937.87 3324.01 1341.66 3706.68 1726.98 1979.71 1328.27
internal_count=46697 30729 9264 7850 15968 1414 21465 9361 12104 4121 11847 5463 6384 4086
is_linear=0
shrinkage=0.03


Tree=75
num_leaves=16
num_cat=0
split_feature=21 19 3 19 5 10 19 35 12 10 36 15 22 1 33
split_gain=19.1779 14.9079 14.6119 13.3648 12.4888 12.2715 12.0149 11.9944 11.3857 10.598 10.4968 9.14522 8.66021 8.29848 6.00021
threshold=0.44695078874723693 1.7852062212421858 1.4910089984499011 16.964282318063326 0.95000000000000007 1.0000000180025095e-35 1.8333157229381545 9.6321659243389171 2.5500000000000003 0.68333333333333346 -0.49574607550011929 0.90000000000000013 1.5253841925301266 0.77500000000000013 1.8040144672587981
decision_type=2 2 2 2 2 2 2 2 2 2 2 2 2 2 2
left_child=1 2 5 7 14 -1 9 10 -8 -3 -2 -6 -9 -4 -5
right_child=3 6 13 4 11 -7 8 12 -10 -11 -12 -13 -14 -15 -16
leaf_value=0.027051580327672457 -0.0019550927386742319 0.044192069484211387 0.0042163672509432076 -0.023295944319532649 -0.015783012310251927 0.0012333911494412217 0.027152626260199361 -0.020714351585972367 -0.018669200099091499 0.014158571265708597 0.00020495469854270057 0.026520560400902549 0.0093405075780075304 -0.031386738257174585 0.018388287472961836
leaf_weight=16.611778751015663 3461.558046489954 14.426640659570692 8.4619335532188433 51.771493770182133 8.2910253778100014 5309.2611826062202 7.1744803637266186 43.840083763003349 15.197723507881163 39.799681603908539 4877.5546503514051 10.292088054120541 10.721007242798803 19.269678801298141 3.2910237833857527
leaf_count=44 12060 33 27 371 50 16603 18 176 51 111 16972 55 33 72 21
internal_value=0 0.00138896 0.00120086 -0.000895111 -0.0136187 0.00131403 0.0145296 -0.000783422 -0.00395576 0.022161 -0.000691644 0.00763196 -0.0148026 -0.0205145 -0.0207962
internal_weight=0 5430.2 5353.6 8467.32 73.6456 5325.87 76.5985 8393.67 22.3722 54.2263 8339.11 18.5831 54.5611 27.7316 55.0625
internal_count=46697 16959 16746 29738 497 16647 213 29241 69 144 29032 105 209 99 392
is_linear=0
shrinkage=0.03


Tree=76
num_leaves=16
num_cat=0
split_feature=22 38 10 8 8 43 39 19 34 38 2 46 25 25 31
split_gain=18.4262 14.9377 17.167 13.8023 15.5783 13.5843 12.8755 12.5301 10.6306 19.7527 12.3007 11.702 13.2597 11.6559 9.76118
threshold=1.1295787205333352 -1.016590586055474 0.81666666666666676 0.14814379695154475 0.020750663460020229 2.0666892534226413 0.75755271385014922 0.29687473097662997 1.3961308676629411 -0.32798329684853794 1.1379438172670224 1.5220419857376433 0.47222222222222227 0.23611111111111113 3.5920615770001558
decision_type=2 2 2 2 2 2 2 2 2 2 2 2 2 2 2
left_child=8 3 5 4 -2 -3 -4 -5 9 13 -11 14 -13 -1 -10
right_child=1 2 6 7 -6 -7 -8 -9 11 10 -12 12 -14 -15 -16
leaf_value=0.012668472369396106 -0.0014514857003466372 0.0039156166861370996 -0.0026096123997611815 -0.0088805080890749857 -0.0082250039305926566 -0.0082616089141306585 0.00088450466386723325 0.0022898203329645007 -0.017771851482124418 -0.0084347625240216856 0.010919612745208982 -0.0061435123321344634 0.021137276076440573 -0.0044159629511978634 0.021982931864146849
leaf_weight=111.56619240343571 2888.9726349264383 1969.32875841856 1157.000252738595 97.541967049241066 341.7616601139307 86.027072340250015 5282.7166646569967 1227.7678446024656 111.14716712385416 236.57984208315611 33.751344233751297 275.94852247089148 17.010118022561073 52.980809636414051 5.8363153487443915
leaf_count=486 9572 6235 3791 372 1180 321 17252 3967 558 1106 155 1373 66 236 27
internal_value=0 0.000275333 0.00101863 -0.00111052 -0.00216814 0.00340575 0.00025668 0.0014674 -0.00429633 -0.00102814 -0.00601691 -0.00776248 -0.00455781 0.00716587 -0.0157842
internal_weight=0 13051.1 8495.07 4556.04 3230.73 2055.36 6439.72 1325.31 844.82 434.878 270.331 409.942 292.959 164.547 116.983
internal_count=46697 42690 27599 15091 10752 6556 21043 4339 4007 1983 1261 2024 1439 722 585
is_linear=0
shrinkage=0.03


Tree=77
num_leaves=13
num_cat=0
split_feature=21 20 29 38 18 20 26 20 37 15 30 21
split_gain=17.8717 19.0161 13.8504 15.6673 16.6503 15.3757 15.0807 14.0938 12.6565 11.972 17.0646 11.7687
threshold=0.51711437307952524 0.31279808010666138 1550.7340409366659 -0.92565736943206489 2.3666500000000004 0.23728386628527517 0.63333333333333341 0.25687075037374824 2.4258595936296392 0.90000000000000013 39.219168252749121 0.85142565838410211
decision_type=2 2 2 2 2 2 2 2 2 2 2 2
left_child=2 9 3 6 -5 8 -1 -7 -4 11 -11 -2
right_child=1 -3 5 4 -6 7 -8 -9 -10 10 -12 -13
leaf_value=-0.00067174995943442624 -0.00090223115410677365 0.039181737704433471 0.044605936422872486 0.0033405994857482312 -0.0049654594243893164 -0.011397703670592388 0.01705051560759225 -0.00069880064152066511 -0.0063783826912435729 -0.024932818606527317 -0.0043140702515450397 -0.019969518926573632
leaf_weight=2237.620408013463 4739.3517327457666 10.368516653776167 11.987053900957109 3503.7393064051867 231.52610570192337 115.94422818720341 44.054580017924309 2502.5311826616526 6.8853965848684302 39.513289242982864 421.47519410401583 29.305438786745071
leaf_count=7150 17090 24 31 10846 767 410 126 7986 24 156 1886 201
internal_value=0 -0.00138532 0.000834615 0.0016292 0.00282567 -0.000978074 -0.000329364 -0.0011727 0.0259955 -0.00146588 -0.00608254 -0.00101951
internal_weight=0 5240.01 8654.29 6016.94 3735.27 2637.35 2281.67 2618.48 18.8725 5229.65 460.988 4768.66
internal_count=46697 19357 27340 18889 11613 8451 7276 8396 55 19333 2042 17291
is_linear=0
shrinkage=0.03


Tree=78
num_leaves=16
num_cat=0
split_feature=15 13 8 20 4 41 2 39 37 46 17 34 43 18 11
split_gain=17.2395 19.2531 17.8481 18.0644 15.9962 16.1006 14.9382 14.5757 14.3834 12.457 12.5677 12.3097 10.4882 10.1937 7.63684
threshold=0.45000000000000007 2.2050000000000005 -0.31437023995505692 0.29668387098808946 2.2928571428571431 1.0000000180025095e-35 -0.41531060416654092 1.5427870286267935 -0.59820512428507289 0.76131811816214634 1.2916500000000002 1.8119407982343938 0.4784249061896782 1.1000000000000003 1.4722222222222225
decision_type=2 2 2 2 2 2 2 2 2 2 2 2 2 2 2
left_child=1 2 3 -1 5 13 14 -4 -7 10 -3 -8 -11 -2 -6
right_child=4 9 7 -5 6 8 11 -9 -10 12 -12 -13 -14 -15 -16
leaf_value=0.0035004899089772293 -0.043057714072139541 0.0027943407583658252 -0.0042088170089257335 0.033717863234085613 0.045307845042986447 -0.002979329745509129 -0.0046261551725091518 0.0021350033753945639 0.0010837695096980169 -0.0060793375665161116 0.011847255761038027 -0.014963037199021192 0.001138216942978538 0.0015294847417690323 0.0049335669214781103
leaf_weight=204.01724180579185 13.198031492531301 557.30461253225803 1489.1151986420155 19.503279626369476 7.0719465315341976 1384.2028701752424 489.2281252592802 417.23662176728249 1808.6191790178418 186.00803335011005 183.50056758522987 131.62461953610182 6984.0308528244495 7.0725338310003272 10.475577041506765
leaf_count=666 58 1740 5240 50 20 4904 2104 1428 6185 605 549 645 22440 24 39
internal_value=0 0.000651977 -0.00187972 0.00613984 -0.00170889 -0.00084699 -0.00604634 -0.00282021 -0.00067764 0.00133364 0.00503732 -0.00681833 0.000950926 -0.0274931 0.0212387
internal_weight=0 10040.7 2129.87 223.521 3851.49 3213.09 638.4 1906.35 3192.82 7910.84 740.805 620.853 7170.04 20.2706 17.5475
internal_count=46697 32718 7384 716 13979 11171 2808 6668 11089 25334 2289 2749 23045 82 59
is_linear=0
shrinkage=0.03


Tree=79
num_leaves=15
num_cat=0
split_feature=16 2 28 43 39 7 14 39 5 8 9 11 37 35
split_gain=18.4441 21.0065 15.6126 14.3789 14.3737 16.7216 14.2348 11.9505 12.3205 11.7772 10.6112 15.5991 10.6045 9.82673
threshold=1.0000000180025095e-35 0.69545449123438774 1403.2635060261607 2.0666892534226413 2.6977766154212337 1.9000000000000001 4.5000000000000009 0.24940063365426932 1.4142857142857144 -0.7014208589809271 -1.0662942987888346 1.788888888888889 1.5624151610148149 -5.5723493964926769
decision_type=2 2 2 2 2 2 2 2 2 2 2 2 2 2
left_child=1 2 13 10 9 -6 -4 -3 -9 -5 11 -2 -12 -1
right_child=3 7 6 4 5 -7 -8 8 -10 -11 12 -13 -14 -15
leaf_value=0.002283289169157275 0.026535808043772514 0.025205539669801772 0.0010494101749461675 -0.023282635795341282 0.0068952147920592942 -0.011758224642392174 -0.0023074212035759222 -0.006606149296270296 -0.022723648224888406 -0.0049445855495011863 0.00029618465073656257 -0.0027745762935696121 0.0025898172064979397 -0.016729575343766234
leaf_weight=33.861820310354233 35.87541638314724 9.7382920086383802 2379.4289264455438 33.929880134761333 190.84892251342535 55.907654725015163 2177.15719332546 389.96707843989134 47.94902515411377 444.38030185550451 5181.3137532770634 29.971931591629982 2791.9921118468046 87.892114251852036
leaf_count=121 98 30 7964 144 691 241 7966 1746 204 1626 16611 101 8802 352
internal_value=0 -0.00143195 -0.000837808 0.000833519 -0.00321251 0.00266738 -0.000554435 -0.00764041 -0.00837208 -0.00624652 0.00119848 0.0131916 0.00109938 -0.0114396
internal_weight=0 5125.99 4678.34 8764.22 725.067 246.757 4556.59 447.654 437.916 478.31 8039.15 65.8473 7973.31 121.754
internal_count=46697 18383 16403 28314 2702 932 15930 1980 1950 1770 25612 199 25413 473
is_linear=0
shrinkage=0.03


Tree=80
num_leaves=15
num_cat=0
split_feature=16 20 9 35 45 5 17 2 10 42 12 5 21 45
split_gain=17.4165 16.6435 15.1885 23.1621 15.602 13.4488 16.6643 16.3504 15.4018 13.7694 11.9041 11.9864 11.6297 8.75387
threshold=0.55000000000000016 0.23595505617977533 -0.74662060660345875 -2.5797467537733834 0.54877490558854314 1.3541666666666667 2.4500000000000006 -0.22338692788190259 1.9500000000000002 0.20618537306850152 2.1250000000000004 0.41428571428571431 0.35955310905575699 1.3357838611084523
decision_type=2 2 2 2 2 2 2 2 2 2 2 2 2 2
left_child=1 2 3 -1 -4 7 8 9 -7 -2 13 -12 -9 -3
right_child=5 10 4 -5 -6 6 -8 12 -10 -11 11 -13 -14 -15
leaf_value=0.011102519789939832 -0.033844165144909462 0.041062731108644793 0.010213034952377494 -0.017615222400059284 -0.0026708312203067744 0.0063153126459593954 0.038680516276308016 0.017027371345208452 -0.016941036178492686 0.0060164537496925552 0.0056111529866196882 -0.00016293759036467074 -0.0018674006540613905 -0.0024072161422052873
leaf_weight=31.663518227636814 7.9150392711162558 11.026369482278826 88.379984639585018 124.97667370736599 1964.8373118564487 618.05022329092026 13.783516168594359 30.217283219099045 26.721835896372795 485.25451232492924 335.38857261836529 9171.3212647438049 971.72506286203861 6.6787947267293921
leaf_count=127 29 25 353 584 8143 1834 34 82 95 1440 1046 29760 3125 20
internal_value=0 -0.000457638 -0.00280323 -0.0118079 -0.00211606 0.00247732 0.00604939 0.000903691 0.00535077 0.00537544 8.65564e-05 4.07415e-05 -0.0012971 0.0246558
internal_weight=0 11734.3 2209.86 156.64 2053.22 2153.67 658.556 1495.11 644.772 493.17 9524.42 9506.71 1001.94 17.7052
internal_count=46697 40058 9207 711 8496 6639 1963 4676 1929 1469 30851 30806 3207 45
is_linear=0
shrinkage=0.03


Tree=81
num_leaves=15
num_cat=0
split_feature=16 14 9 0 15 42 44 39 46 14 33 33 41 16
split_gain=17.0497 15.7415 18.0244 15.1155 14.0087 18.7251 11.9985 11.9162 9.62939 14.2664 10.8447 9.5381 23.8291 4.5475
threshold=1.0000000180025095e-35 4.5000000000000009 2.3694218617418583 3.3666666666666671 0.70835000000000015 0.9728310755412829 1.7287982466409808 2.4973975899688852 2.371363482890771 2.5000000000000004 0.79605586621563684 1.6491599768189362 1.5706745164702312 0.45000000000000007
decision_type=2 2 2 2 2 2 2 2 2 2 2 2 2 2
left_child=1 4 6 8 7 -6 -3 -1 10 -10 -2 12 -5 -13
right_child=3 2 -4 11 5 -7 -8 -9 9 -11 -12 13 -14 -15
leaf_value=0.0010160136789545838 -0.0011393310564388145 -0.0042583488210435399 0.047068835605758363 -0.011999162034740525 0.0066752560465181141 -0.0074358132832353053 0.00069641784341957871 0.016198306415030707 0.019340160378432426 -0.0081211219885626885 0.0016077773237878619 -0.018408964807245142 0.036384939567300198 -0.046266496051034833
leaf_weight=2022.4256916344166 1593.2637641727924 1993.2793438360095 6.4340229630470267 58.884157866239548 108.93447783589363 379.03090540319681 564.29121823608875 47.616646103560925 18.766445890069008 182.1712893769145 6867.5756061822176 25.260701775550846 10.837029695510862 6.6969120502471915
leaf_count=6725 5203 7638 19 275 370 1443 2018 170 55 655 21950 110 36 30
internal_value=0 -0.0013775 -0.00303868 0.000801222 0.000287468 -0.00428494 -0.00316503 0.00136547 0.000936251 -0.00555407 0.00109043 -0.0106976 -0.0044702 -0.0242687
internal_weight=0 5122.01 2564 8763.46 2558.01 487.965 2557.57 2070.04 8661.78 200.938 8460.84 101.679 69.7212 31.9576
internal_count=46697 18383 9675 28314 8708 1813 9656 6895 27863 710 27153 451 311 140
is_linear=0
shrinkage=0.03


Tree=82
num_leaves=16
num_cat=0
split_feature=16 9 2 27 8 8 28 2 46 44 12 0 35 5 2
split_gain=16.1167 19.2919 17.5154 15.9948 18.0811 32.1077 15.6359 19.8546 14.9224 14.4295 14.1924 15.1937 13.8395 11.9664 10.3705
threshold=0.36665000000000009 -0.25968113424457739 0.7107126411283593 0.21111111111111114 -0.0040478150461299061 0.14814379695154475 1403.2635060261607 -0.70933753043784209 1.6159996061002142 1.7287982466409808 5.7550000000000008 3.3666666666666671 -0.94843780364626562 1.5857142857142861 1.1817213703834721
decision_type=2 2 2 2 2 2 2 2 2 2 2 2 2 2 2
left_child=1 2 12 10 8 -6 7 -3 -5 -8 11 -2 -1 -4 -12
right_child=3 6 13 4 5 -7 9 -9 -10 -11 14 -13 -14 -15 -16
leaf_value=0.00061093375899403356 0.00016281690378483368 0.008644356225488951 -0.0084267516252709059 0.0035630956175121691 -0.005766039876817319 0.0041046508583122273 -0.0004043399056595179 -0.017282912498336002 0.010829067149707439 0.0031720012398843904 -0.020747740592358437 -0.027114556255186779 -0.0040908170898284633 -0.033100032870763102 0.012628363219397433
leaf_weight=974.22138011455536 2334.7544312477112 36.796078562736511 253.2948344796896 1037.1304805353284 476.96754579246044 784.21464464068413 4836.1903985366225 95.589078396558762 337.16404378414154 1285.1345501244068 48.548169456422329 18.513914927840233 1335.8937419652939 19.022886127233505 10.106871895492075
leaf_count=3314 7404 124 1128 3211 1546 2419 16698 377 1024 4266 242 77 4738 84 45
internal_value=0 -0.000774956 -0.00295634 0.00134997 0.00296557 0.000371392 0.000125788 -0.0100741 0.00534598 0.000346446 -0.000415244 -5.17697e-05 -0.00210787 -0.0101526 -0.0149904
internal_weight=0 8836.14 2582.43 5047.4 2635.48 1261.18 6253.71 132.385 1374.29 6121.32 2411.92 2353.27 2310.12 272.318 58.655
internal_count=46697 30729 9264 15968 8200 3965 21465 501 4235 20964 7768 7481 8052 1212 287
is_linear=0
shrinkage=0.03


Tree=83
num_leaves=15
num_cat=0
split_feature=16 2 28 0 8 39 5 35 46 14 33 33 41 13
split_gain=15.5287 18.9142 14.2954 13.8136 12.887 11.2296 11.6794 9.32925 9.05276 13.431 10.1895 9.04337 22.2832 4.98675
threshold=1.0000000180025095e-35 0.69545449123438774 1403.2635060261607 3.3666666666666671 0.26068688219540032 0.24940063365426932 1.4142857142857144 -5.5723493964926769 2.371363482890771 2.5000000000000004 0.79605586621563684 1.6491599768189362 1.5706745164702312 2.5850000000000004
decision_type=2 2 2 2 2 2 2 2 2 2 2 2 2 2
left_child=1 2 7 8 -4 -3 -7 -1 10 -10 -2 12 -5 -13
right_child=3 5 4 11 -6 6 -8 -9 9 -11 -12 13 -14 -15
leaf_value=0.0024403280831855338 -0.0011192607749389392 0.024544319134372859 0.00040154185004617315 -0.011562520296369604 -0.0033648378778798681 -0.0062226207251168215 -0.022003557717218583 -0.016117096290656191 0.018721745988033681 -0.0079021633512137389 0.0015437733018517892 0.0053342893823124186 0.03505158680434857 -0.028467319660889265
leaf_weight=33.804294243454933 1592.9025097340345 9.7776386737823469 3484.3407479673624 58.448832593858242 1068.244493894279 387.5213969796896 47.384375013411045 87.187265515327454 18.802932158112526 181.83379140496254 6868.818503767252 4.5753540694713619 10.948532745242117 27.034231550991535
leaf_count=121 5203 30 12039 275 3891 1746 204 352 55 655 21950 16 36 124
internal_value=0 -0.00131535 -0.000752728 0.000764403 -0.000482162 -0.00722762 -0.00794316 -0.01093 0.000893056 -0.00540477 0.00104243 -0.010265 -0.00420009 -0.0235651
internal_weight=0 5118.26 4673.58 8763.36 4552.59 444.683 434.906 120.992 8662.36 200.637 8461.72 101.007 69.3974 31.6096
internal_count=46697 18383 16403 28314 15930 1980 1950 473 27863 710 27153 451 311 140
is_linear=0
shrinkage=0.03


Tree=84
num_leaves=15
num_cat=0
split_feature=21 19 3 34 35 0 32 19 19 44 0 12 2 1
split_gain=15.0015 13.8308 13.5597 11.659 11.6247 12.7738 15.0826 11.3476 10.9771 12.7306 10.7196 10.5929 10.2763 7.86623
threshold=0.44695078874723693 1.7852062212421858 1.4910089984499011 2.723071671518849 9.6321659243389171 2.3666666666666671 1.3911684227313694 1.8333157229381545 16.964282318063326 0.81547538514380391 0.77500000000000013 2.5500000000000003 -1.1157993235801518 0.77500000000000013
decision_type=2 2 2 2 2 2 2 2 2 2 2 2 2 2
left_child=1 2 3 -1 8 6 -6 10 12 -10 -3 -9 -2 -4
right_child=4 7 13 -5 5 -7 -8 11 9 -11 -12 -13 -14 -15
leaf_value=0.0013077061363308165 0.0092496621919141535 -0.012041470061843805 0.0041506073445632292 -0.011798705562470663 -0.033596951954953234 0.017362807638970492 0.0028721160634365465 0.025980735218096615 -0.026175551525856482 -0.00066441892313644029 0.026636965215331609 -0.018276896226972393 -0.00071586368036373926 -0.030549713673696851
leaf_weight=5264.2201024591923 94.179719805717468 7.4633495509624472 8.4566364735364932 61.78847824037075 29.893160939216614 9.3282147943973523 15.470730304718016 7.1483094692230251 32.747343428432941 38.113786526024342 46.740961417555809 15.185944959521292 8229.6896303370595 19.160607367753983
leaf_count=16434 304 24 27 213 124 32 56 18 256 238 120 51 28728 72
internal_value=0 0.00122789 0.00104679 0.00115558 -0.000793065 -0.0145781 -0.0211552 0.01389 -0.000703201 -0.0124602 0.0213046 -0.00409307 -0.000603063 -0.0199157
internal_weight=0 5430.16 5353.63 5326.01 8449.42 54.6921 45.3639 76.5386 8394.73 70.8611 54.2043 22.3343 8323.87 27.6172
internal_count=46697 16959 16746 16647 29738 212 180 213 29526 494 144 69 29032 99
is_linear=0
shrinkage=0.03


Tree=85
num_leaves=15
num_cat=0
split_feature=16 27 20 9 28 11 8 43 25 19 37 46 8 40
split_gain=15.1309 21.8339 14.526 14.301 15.316 14.1235 13.726 13.7938 12.741 12.6582 16.8467 11.5934 11.2837 10.537
threshold=0.55000000000000016 0.13392857142857145 0.18818280470892171 -0.88833607745142051 1586.9854566852389 0.76388888888888895 -0.92852332423620321 1.2622527266193011 0.47222222222222227 0.29687473097662997 1.4499658617275146 0.8182372297610917 0.085101185873910329 3.269616210608568
decision_type=2 2 2 2 2 2 2 2 2 2 2 2 2 2
left_child=2 6 8 4 -3 -5 -2 -8 13 10 -4 -11 -10 -1
right_child=1 3 9 5 -6 -7 7 -9 12 11 -12 -13 -14 -15
leaf_value=-0.0054825522135506632 -0.041397883346990183 0.011035688117206096 -0.010830967635026325 -0.010084966224933099 0.049874126896088528 0.0038584106359185258 0.0019187223578361202 -0.0089534241974204443 -0.0051081126017851692 0.0026058645783260336 0.00063247900685372974 -0.00031729790830945642 0.023601093470887353 0.041337273810902582
leaf_weight=768.24246236681938 8.5178330242633802 53.584654733538628 226.75099551677704 68.168295696377754 11.019901037216185 1587.6293327659369 234.29407934844494 190.29309695959091 22.688810154795647 1412.0470016002655 234.8032173961401 9028.7519100755453 26.909985259175301 4.3392970561981192
leaf_count=3760 33 153 870 222 31 4835 718 647 99 4526 855 29833 99 16
internal_value=0 0.00230897 -0.0004269 0.00382469 0.0176719 0.00328413 -0.0037111 -0.00295339 -0.00427213 -0.000136888 -0.00499871 7.80133e-05 0.0104637 -0.00521866
internal_weight=0 2153.51 11724.5 1720.4 64.6046 1655.8 433.105 424.587 822.181 10902.4 461.554 10440.8 49.5988 772.582
internal_count=46697 6639 40058 5241 184 5057 1398 1365 3974 36084 1725 34359 198 3776
is_linear=0
shrinkage=0.03


Tree=86
num_leaves=15
num_cat=0
split_feature=16 27 20 25 8 3 25 40 12 27 46 2 40 2
split_gain=14.2353 20.5416 13.7041 13.091 12.9792 13.4125 11.9858 11.8386 14.2927 13.1055 10.9758 10.2617 9.77888 8.11181
threshold=0.55000000000000016 0.13392857142857145 0.18818280470892171 0.68333333333333346 -0.92852332423620321 1.028418159219054 0.47222222222222227 0.82624518926798263 2.1250000000000004 0.31666666666666671 1.5618569366946016 1.1379438172670224 3.269616210608568 0.14937377706689672
decision_type=2 2 2 2 2 2 2 2 2 2 2 2 2 2
left_child=2 4 6 11 -2 -6 12 9 -9 -4 -8 -3 -1 -5
right_child=1 3 7 13 5 -7 10 8 -10 -11 -12 -13 -14 -15
leaf_value=-0.0053328231036609041 -0.040326259786991399 0.003539010371302016 0.00048996059527138438 -0.047587842863448193 -0.0018328060494312085 -0.030414399579675275 -0.0012429858019661329 0.028691657619829811 -0.00066638185865780747 0.0058962455207340154 0.027566477554326726 0.017633422214840624 0.039364464016131077 0.00094358895982270068
leaf_weight=766.15050192177296 8.482649162411688 1660.415741622448 1560.8325174748898 7.1934143155813199 409.06862246990204 15.322921767830847 30.17152526974678 14.939532741904257 8781.6207518428564 544.33191242814064 19.624017424881458 47.833620831370354 4.4193013161420813 5.4192851930856705
leaf_count=3760 33 5047 5206 28 1303 62 125 37 29099 1742 73 149 16 17
internal_value=0 0.00223938 -0.000414216 0.0037089 -0.00360184 -0.00286616 -0.00415348 -0.000132802 -0.000616455 0.00188803 0.0101078 0.00393395 -0.00507558 -0.0267274
internal_weight=0 2153.74 11722.1 1720.86 432.874 424.392 820.365 10901.7 8796.56 2105.16 49.7955 1708.25 770.57 12.6127
internal_count=46697 6639 40058 5241 1398 1365 3974 36084 29136 6948 198 5196 3776 45
is_linear=0
shrinkage=0.03


Tree=87
num_leaves=15
num_cat=0
split_feature=16 2 20 7 8 0 43 0 36 11 9 11 37 42
split_gain=13.8979 17.3599 13.7136 13.2065 13.06 12.6188 10.7466 11.2813 9.27008 12.8782 8.7075 14.6554 9.00185 7.76974
threshold=1.0000000180025095e-35 0.69545449123438774 0.31328968387515582 1.6333333333333335 0.26068688219540032 3.3666666666666671 0.63209484210086175 4.1000000000000005 4.1067864938611489 1.788888888888889 -1.0662942987888346 1.788888888888889 1.5624151610148149 1.6400193941373902
decision_type=2 2 2 2 2 2 2 2 2 2 2 2 2 2
left_child=1 2 4 -4 -1 10 -3 -8 9 -7 11 -2 -12 -10
right_child=5 6 3 -5 -6 8 7 -9 13 -11 12 -13 -14 -15
leaf_value=-0.00014588897599673097 0.02383315164012352 0.021007299933120203 0.011405024792127376 -0.0056846418533144476 -0.0039461283055578734 0.0013412334947936874 -0.008528409354331622 0.021100983428730669 -0.042122806578239844 -0.026027246982436966 4.4857009480666707e-05 -0.0036355836188694426 0.0020793994584452453 0.00051766446573451555
leaf_weight=3391.8552155941725 38.442935153841972 12.042770460247992 152.01486949622631 55.540969103574753 1070.9027510583401 61.335619568824768 418.34307386726141 11.879277586936949 12.696905791759493 20.676236122846603 5573.9828245863318 32.017255395650864 3016.6373622342944 5.4950755089521399
leaf_count=11838 107 38 438 177 3950 249 1883 59 66 113 18050 110 9596 23
internal_value=0 -0.00124527 -0.000707239 0.00683041 -0.00105788 0.000723025 -0.00692604 -0.00770912 -0.00986119 -0.00555738 0.000845525 0.0113483 0.000759333 -0.0292331
internal_weight=0 5112.58 4670.31 207.556 4462.76 8761.28 442.265 430.222 100.204 82.0119 8661.08 70.4602 8590.62 18.192
internal_count=46697 18383 16403 615 15788 28314 1980 1942 451 362 27863 217 27646 89
is_linear=0
shrinkage=0.03


Tree=88
num_leaves=14
num_cat=0
split_feature=21 10 46 19 43 19 44 12 36 9 44 38 20
split_gain=13.376 13.7558 13.3062 11.5743 10.2111 10.0571 12.2371 10.92 8.97194 13.5587 11.4282 4.26448 3.52583
threshold=0.44695078874723693 1.0000000180025095e-35 2.7299660928751548 1.7852062212421858 0.83311341502328984 16.964282318063326 0.81547538514380391 11.015000000000002 -0.49574607550011929 2.3694218617418583 2.7685267484572988 3.9621069962109234 0.29668387098808946
decision_type=2 2 2 2 2 2 2 2 2 2 2 2 2
left_child=1 12 3 -3 -4 8 11 -8 9 -2 -10 -7 -1
right_child=5 2 4 -5 -6 6 7 -9 10 -11 -12 -13 -14
leaf_value=0.013878687836536577 -0.0019121328238836052 0.00099984980149986314 0.0066824971332216376 0.012830874960354125 -0.037748688504555802 -0.028982240013871695 0.0084002980078245471 -0.029294785446664605 0.00023326266254234529 0.039587580000912198 -0.032011471098864409 0.011310006629247613 0.04079519255708694
leaf_weight=8.6662908941507357 3446.1574796065688 5316.0494881123304 6.9880020767450359 75.472286149859428 13.856974586844442 29.414326369762424 29.020971275866032 9.0695029944181424 4908.5513793453574 7.0894984155893317 9.9023243337869626 2.5542158037424079 8.972088694572447
leaf_count=25 12039 16625 22 211 55 239 174 66 17140 23 39 18 21
internal_value=0 0.00115926 0.00107298 0.00116554 -0.0228433 -0.000749416 -0.012068 -0.00057252 -0.000654645 -0.00182673 0.000168218 -0.0257511 0.0276026
internal_weight=0 5430.01 5412.37 5391.52 20.845 8441.76 70.059 38.0905 8371.7 3453.25 4918.45 31.9685 17.6384
internal_count=46697 16959 16913 16836 77 29738 497 240 29241 12062 17179 257 46
is_linear=0
shrinkage=0.03


Tree=89
num_leaves=16
num_cat=0
split_feature=15 13 8 20 31 9 39 7 7 34 46 19 17 30 1
split_gain=12.6934 16.0105 16.4156 16.7414 16.4262 13.6915 15.3384 15.135 13.7127 11.3788 11.0266 14.9224 11.8612 10.2868 7.21989
threshold=0.45000000000000007 2.2050000000000005 -0.31437023995505692 0.29668387098808946 1.5465501784199558 -0.29255338783272283 1.5728306157135334 3.3666666666666671 2.1000000000000005 0.19442797546231813 0.76131811816214634 0.66666665107692358 1.2916500000000002 120.32933499961713 1.1000000000000003
decision_type=2 2 2 2 2 2 2 2 2 2 2 2 2 2 2
left_child=1 2 3 -1 -4 6 7 -2 -8 14 12 -12 -3 -11 -7
right_child=5 10 4 -5 -6 9 8 -9 -10 13 11 -13 -14 -15 -16
leaf_value=0.0033930509330060295 -0.0020423531302426246 0.0024840551630529685 -0.0041427161427637308 0.032450638510528783 0.0025734354615890459 0.0043860654180035534 -0.0053825316022930569 0.030547812376346111 -0.017300714513381773 0.00071473197791858338 0.019290740143355203 0.00071838941842752814 0.011274271793134678 -0.0037673873859919468 0.044973510404431226
leaf_weight=203.97463975846767 806.91129615157843 557.43697141110897 1481.1256555318832 19.551292479038239 420.81354787945747 7.7349258214235297 350.18053939938545 13.021136417984961 115.61632236838341 1929.1555433869362 39.140972346067429 7128.4825002327561 183.73931899666786 605.4604012966156 8.0825948715209943
leaf_count=666 2859 1740 5228 50 1440 26 1459 40 529 6414 108 22937 549 2631 21
internal_value=0 0.000558894 -0.00175262 0.00593733 -0.00265657 -0.00147002 -0.00399426 -0.00152406 -0.00834172 -0.000197371 0.00118015 0.000819878 0.0046637 -0.000355834 0.0251601
internal_weight=0 10034.3 2125.47 223.526 1901.94 3836.16 1285.73 819.932 465.797 2550.43 7908.8 7167.62 741.176 2534.62 15.8175
internal_count=46697 32718 7384 716 6668 13979 4887 2899 1988 9092 25334 23045 2289 9045 47
is_linear=0
shrinkage=0.03


Tree=90
num_leaves=15
num_cat=0
split_feature=16 2 28 44 0 39 45 36 11 3 18 30 2 42
split_gain=12.8595 16.0906 13.3806 12.3947 11.7807 10.098 11.2275 8.92266 12.2376 8.65343 14.5934 12.7078 8.34385 7.55008
threshold=1.0000000180025095e-35 0.69545449123438774 1403.2635060261607 1.7287982466409808 3.3666666666666671 0.24940063365426932 1.5036937670591823 4.1067864938611489 1.788888888888889 0.29431159893734865 0.36665000000000009 -21.84309105381919 -0.055088572542267455 1.6400193941373902
decision_type=2 2 2 2 2 2 2 2 2 2 2 2 2 2
left_child=1 2 12 -4 9 -3 -7 8 -6 11 -11 -2 -1 -9
right_child=4 5 3 -5 7 6 -8 13 -10 10 -12 -13 -14 -15
leaf_value=-0.0059001784028180236 -9.7388837616648618e-05 0.023341974012132331 -0.0012937586838418806 0.0023873719604720514 0.0013367548348001126 -0.010993330678643189 -0.00089097564988034844 -0.041644255683152498 -0.025515736911836281 -0.01244607756705475 -0.00034427630544165767 0.0025359098693389769 -0.023977864537120516 0.00051936720294297163
leaf_weight=89.412036463618279 3031.6692177802324 9.8430197834968549 3468.0160468146205 1079.4174371659756 61.301708176732063 275.98147661983967 154.50968021899462 12.443775497376921 20.325243875384331 94.073652788996696 1918.0628553554416 3616.7167567908764 30.956705674529076 5.4943029135465613
leaf_count=341 9581 30 12279 3651 249 1330 620 66 113 351 6440 11491 132 23
internal_value=0 -0.00119853 -0.000681307 -0.000419905 0.000695374 -0.00668057 -0.00736825 -0.00956444 -0.00534819 0.000813371 -0.000910281 0.00133508 -0.0105535 -0.02872
internal_weight=0 5108.14 4667.8 4547.43 8760.09 440.334 430.491 99.565 81.627 8660.52 2012.14 6648.39 120.369 17.9381
internal_count=46697 18383 16403 15930 28314 1980 1950 451 362 27863 6791 21072 473 89
is_linear=0
shrinkage=0.03


Tree=91
num_leaves=15
num_cat=0
split_feature=22 12 21 2 37 28 6 35 29 40 29 33 28 46
split_gain=11.9145 15.0243 13.8196 13.5861 15.8446 17.9014 12.3565 11.3508 10.8661 20.8277 17.398 9.10571 8.37708 8.18152
threshold=1.5487387290705661 2.5500000000000003 0.43654397077825441 0.24316952491005495 -2.4652626891619316 1411.8444717274419 0.36666666666666675 9.6321659243389171 1549.6954253601941 2.2719393736211573 1544.7089486923217 0.96876064109231586 1490.1844419442771 1.2997072920112684
decision_type=2 2 2 2 2 2 2 2 2 2 2 2 2 2
left_child=1 11 13 4 5 -2 -6 -4 10 -10 -5 -1 -13 -3
right_child=3 2 7 8 6 -7 -8 -9 9 -11 -12 12 -14 -15
leaf_value=0.045693602722965826 -0.018184329377093963 -0.055796785798246422 -0.00060004717933428205 -0.00017510893383642832 0.013565617975680041 -0.00047964774407462796 0.002588365832776655 -0.014160375350159906 -0.0038152644109465421 -0.031160120066199375 0.026870873490895113 -0.0085738469360595523 0.030742815312101331 -0.0072599891019527523
leaf_weight=9.14709620177746 54.502356082201004 6.4283983111381513 8793.0447133630514 385.93401101231575 95.168059632182121 900.82162255048752 3056.9076286703348 55.901301264762878 433.37265011668205 26.603184163570404 22.651792392134666 10.629869893193247 8.9849117994308454 6.1123111993074417
leaf_count=20 193 26 30822 1226 274 2841 9431 217 1412 99 61 33 22 20
internal_value=0 -0.000660109 -0.000730414 0.00117323 0.00189412 -0.00149021 0.00291993 -0.000685761 -0.00223549 -0.00539808 0.00132419 0.0209832 0.00942708 -0.0321886
internal_weight=0 8890.25 8861.49 4975.96 4107.4 955.324 3152.08 8848.95 868.562 459.976 408.586 28.7619 19.6148 12.5407
internal_count=46697 31160 31085 15537 12739 3034 9705 31039 2798 1511 1287 75 55 46
is_linear=0
shrinkage=0.03


Tree=92
num_leaves=15
num_cat=0
split_feature=16 27 25 8 8 19 5 40 43 3 15 5 45 27
split_gain=12.4633 19.1923 12.3082 12.2796 13.2658 11.9924 12.7167 12.0607 18.7715 13.327 10.114 9.86325 7.09365 6.37191
threshold=0.55000000000000016 0.13392857142857145 0.68333333333333346 -0.92852332423620321 -0.41093161963939995 16.964282318063326 0.95000000000000007 0.82624518926798263 2.0850319289938777 -0.014594086174454108 0.90000000000000013 1.4722222222222225 0.72138466594384576 0.38750000000000007
decision_type=2 2 2 2 2 2 2 2 2 2 2 2 2 2
left_child=5 3 11 -2 -5 7 12 9 -9 -1 -8 -3 -7 -4
right_child=1 2 13 4 -6 6 10 8 -10 -11 -12 -13 -14 -15
leaf_value=-0.0012923853785471076 -0.039358901731154278 0.002475330251452937 -0.045376631978810013 0.0081763817949276445 -0.0053939749784283602 -0.00031535818687531265 -0.018941541061463053 -0.00045750550710036363 -0.0060536984288402634 0.0033377237922441547 0.028555062232171094 0.0078653745241836059 -0.027150509973806556 -0.0024331395898077378
leaf_weight=898.89288379251957 8.4430997818708402 1309.8709209263325 6.9032505303621274 79.847333237528801 344.32519835233688 11.628497324883936 6.739666312932969 8689.8070074319839 575.17081023007631 1481.4380829185247 10.009163171052933 398.63245442509651 37.614465944468975 5.682294636964798
leaf_count=3036 33 4029 27 243 1122 77 44 29090 2263 5188 55 1167 305 18
internal_value=0 0.00209527 0.0035152 -0.00355295 -0.00283862 -0.000387875 -0.0131397 -0.000315575 -0.000804956 0.00158912 0.00942481 0.00373316 -0.020821 -0.0260291
internal_weight=0 2153.7 1721.09 432.616 424.173 11711.3 65.9918 11645.3 9264.98 2380.33 16.7488 1708.5 49.243 12.5855
internal_count=46697 6639 5241 1398 1365 40058 481 39577 31353 8224 99 5196 382 45
is_linear=0
shrinkage=0.03


Tree=93
num_leaves=16
num_cat=0
split_feature=15 30 21 22 37 2 42 22 9 34 19 46 10 1 29
split_gain=11.3562 14.5086 17.7346 26.4409 13.6931 20.6161 18.0124 21.785 18.4707 17.7566 14.0378 12.714 11.8624 9.05022 7.31227
threshold=0.45000000000000007 -23.722378930500891 0.46448834184683246 1.5226624869944776 -0.59820512428507289 0.44758234102593547 0.97661125944937144 1.2086122743322907 -0.059460144419100712 0.19957077385103075 4.9999996194444742 2.4805383263098135 0.18333333333333338 2.6333333333333337 1497.3160452414329
decision_type=2 2 2 2 2 2 2 2 2 2 2 2 2 2 2
left_child=1 12 11 -4 6 10 7 -2 -8 -7 -6 -3 14 -14 -1
right_child=4 2 3 -5 5 9 8 -9 -10 -11 -12 -13 13 -15 -16
leaf_value=0.039420033793839633 0.026111649677161439 0.0041895659419494517 0.00094131358056028772 -0.010602670546384078 0.0029173788131742753 0.036045688837549807 -0.0076413145075747277 0.00041033744240969805 -0.00079434005696883963 -0.0058050590067906423 -0.005087594795909328 -0.013362773529625779 -0.00089181692815720184 0.0094442581065676996 0.006399146467614838
leaf_weight=10.264641121029856 35.46957229077816 1960.299463763833 2883.5915215834975 190.34643615782261 1425.7498913258314 9.2795164436101896 813.46986169368029 181.79715417325497 628.78530803322792 507.74189483374357 228.76804427802563 37.840937092900276 4858.0625190883875 77.442758589982986 14.705330789089201
leaf_count=26 144 5971 9703 641 4640 28 3173 608 2265 2122 999 131 15952 249 45
internal_value=0 0.00052844 0.00165668 0.00022635 -0.0013916 0.000176173 -0.00344326 0.00460856 -0.00465645 -0.00505266 0.00181034 0.00385694 -0.000625127 -0.000729555 0.0199957
internal_weight=0 10032.6 5072.08 3073.94 3831.06 2171.54 1659.52 217.267 1442.26 517.021 1654.52 1998.14 4960.48 4935.51 24.97
internal_count=46697 32718 16446 10344 13979 7789 6190 752 5438 2150 5639 6102 16272 16201 71
is_linear=0
shrinkage=0.03


Tree=94
num_leaves=15
num_cat=0
split_feature=16 28 43 48 3 37 0 8 3 11 33 17 46 5
split_gain=11.7799 13.7362 13.6152 14.5462 12.5649 12.0912 10.8641 9.21532 8.94928 8.92126 8.28314 17.8113 15.6608 5.11663
threshold=1.0000000180025095e-35 1698.1815564470246 2.7438016500540181 1.0000000180025095e-35 -0.014594086174454108 -8.0011087768813223 3.3666666666666671 -0.064732548091739006 0.76834708094249327 1.788888888888889 0.79605586621563684 3.3666500000000004 2.6165722935047611 1.2928571428571431
decision_type=2 2 2 2 2 2 2 2 2 2 2 2 2 2
left_child=1 2 4 -4 -1 -3 10 -7 13 -10 11 -2 -12 -8
right_child=6 5 3 -5 -6 7 8 -9 9 -11 12 -13 -14 -15
leaf_value=-0.002609042435345247 -0.0013561547746482534 0.037372072363365025 0.0058928070235456237 0.046705576606312069 0.00043327544426715177 -0.0042006380521335237 -0.030126256489965239 -0.018723606737295419 0.0026585685215662447 -0.022182398679899316 0.001355609627715791 0.042968201636560156 -0.014555730209008301 0.00022612532899533703
leaf_weight=2325.6289125904441 1639.6652453988791 4.7486762106418601 31.14214551448822 10.514897167682646 2573.7845309600234 82.235258117318153 22.287304498255256 75.475299037992954 52.920322112739086 17.237274572253227 6955.4489804580808 8.189751133322714 56.109097696840763 6.4174241274595252
leaf_count=8220 5370 24 123 34 9064 490 107 428 221 98 22254 28 211 25
internal_value=0 -0.00114779 -0.000865496 0.0162105 -0.00101078 -0.00973106 0.000665457 -0.0111535 -0.00922248 -0.00344271 0.00077839 -0.00113542 0.00122822 -0.0233323
internal_weight=0 5103.53 4941.07 41.657 4899.41 162.459 8758.28 157.711 98.8623 70.1576 8659.41 1647.85 7011.56 28.7047
internal_count=46697 18383 17441 157 17284 942 28314 918 451 319 27863 5398 22465 132
is_linear=0
shrinkage=0.03


Tree=95
num_leaves=16
num_cat=0
split_feature=16 27 11 34 9 41 18 45 40 9 4 11 3 39 8
split_gain=11.2723 18.0138 13.4998 20.4728 12.471 18.0284 15.9861 14.0468 13.0334 24.0142 18.5442 12.3449 11.937 12.8122 5.2787
threshold=0.55000000000000016 0.13392857142857145 0.76388888888888895 0.80720376889614265 -0.45929328410919013 1.4231735232151248 1.6333500000000003 0.28285390996984577 0.82624518926798263 -0.076526005614865666 2.7071428571428577 2.8452380952380958 1.028418159219054 0.4133617666632019 -0.27690785488386566
decision_type=2 2 2 2 2 2 2 2 2 2 2 2 2 2 2
left_child=4 12 3 -3 5 7 -7 -1 9 -6 -10 -4 13 -2 -14
right_child=1 2 11 -5 8 6 -8 -9 10 -11 -12 -13 14 -15 -16
leaf_value=0.016018574071668155 -0.0252642221335595 0.0014544530203310835 0.0041333801651671255 -0.033324521236101939 -0.0026659717511539937 0.0066447225602674831 -0.0073577322532093802 -0.0044643869712830617 -0.00027851606889388092 0.00437233967659685 -0.010336405273262173 -0.027274031208874713 -0.0070698782465304713 -0.0013125497840471871 -0.043528914124520778
leaf_weight=30.735579118132591 21.167471274733543 48.450638547539711 1639.3693210929632 22.198179095983505 631.47561858594418 294.61197912693024 97.691343158483505 1497.4922345206141 7574.7700516209006 1411.1720170527697 168.64841996133327 11.328970536589621 5.8160441666841498 396.09398913383484 9.3707980439066869
leaf_count=103 75 148 4970 81 2310 993 342 5376 25413 4766 755 42 22 1261 40
internal_value=0 0.00199246 0.00336771 -0.00947218 -0.000369089 -0.00257938 0.00315697 -0.00405214 6.46556e-05 0.00219633 -0.000497625 0.00391748 -0.00348095 -0.0025289 -0.0295999
internal_weight=0 2153.8 1721.35 70.6488 11706.6 1920.53 392.303 1528.23 9786.07 2042.65 7743.42 1650.7 432.448 417.261 15.1868
internal_count=46697 6639 5241 229 40058 6814 1335 5479 33244 7076 26168 5012 1398 1336 62
is_linear=0
shrinkage=0.03


Tree=96
num_leaves=16
num_cat=0
split_feature=16 2 22 47 39 18 8 0 35 36 36 10 29 39 42
split_gain=10.8824 14.8815 16.0848 18.9104 13.376 12.3633 11.1839 10.0749 9.29522 8.6346 11.4673 8.30442 22.9029 12.3024 7.35077
threshold=1.0000000180025095e-35 0.036328062937610352 1.1475117294726023 1.0000000180025095e-35 0.44562152445722164 4.1000000000000005 -0.71447910214778199 3.3666666666666671 -1.0000000180025095e-35 4.1067864938611489 1.8285272516035438 0.88194444444444453 1594.75237167618 0.75755271385014922 1.6400193941373902
decision_type=2 2 2 2 2 2 2 2 2 2 2 2 2 2 2
left_child=1 2 4 -4 -1 6 -3 11 -7 10 -9 12 -2 -13 -11
right_child=7 5 3 -5 -6 8 -8 9 -10 14 -12 13 -14 -15 -16
leaf_value=0.018807833360742279 0.0018550865914490689 -0.011915676285581371 -0.00066232850733523806 0.0050735294366587831 -0.013019989704190176 0.0041212638455761516 -0.002880226445559967 -0.015278287171149506 0.05630100133940983 -0.041012843638870138 0.0073844814164547995 -0.0028014678478275076 0.024485953199440563 0.00076641669366501195 0.00083391199243701777
leaf_weight=13.120570883154867 2385.0434454828501 133.73479145765305 2588.3563475608826 646.49088558554649 124.59547976404428 7.2790187746286392 1582.1650359407067 43.273443087935448 5.326347276568411 12.094476841390135 37.479537136852741 1044.9140567928553 40.930374264717102 5188.8942672014236 5.4712122827768317
leaf_count=56 7664 581 8765 2106 621 28 6210 205 16 66 157 3362 113 16724 23
internal_value=0 -0.00110361 5.63332e-05 0.000483914 -0.00998435 -0.00336699 -0.00358468 0.00063946 0.0262205 -0.00890914 -0.00475659 0.000747915 0.00223713 0.000168314 -0.0279686
internal_weight=0 5101.07 3372.56 3234.85 137.716 1728.51 1715.9 8758.1 12.6054 98.3187 80.753 8659.78 2425.97 6233.81 17.5657
internal_count=46697 18383 11548 10871 677 6835 6791 28314 44 451 362 27863 7777 20086 89
is_linear=0
shrinkage=0.03


Tree=97
num_leaves=12
num_cat=0
split_feature=20 22 3 28 21 35 46 1 37 40 28
split_gain=10.5192 11.226 12.6068 11.4656 10.7505 10.7624 9.88223 9.70142 7.47489 7.79058 10.3193
threshold=0.35857726624008895 1.5487387290705661 1.4910089984499011 1365.3324507869304 0.43654397077825441 9.6321659243389171 1.2997072920112684 0.77500000000000013 -3.0796981907911456 0.94371214330077657 1489.625961980714
decision_type=2 2 2 2 2 2 2 2 2 2 2
left_child=1 4 3 -3 6 -6 -1 -4 -2 -10 -11
right_child=8 2 7 -5 5 -7 -8 -9 9 10 -12
leaf_value=-0.054480359420661442 0.040785205765948213 -0.023677454628177618 0.007842473521741309 0.0012893927278811574 -0.00056316851375779982 -0.013796325413476286 -0.0021387452588911646 -0.031876040021247963 -0.023059868732054564 -0.0025219760519513785 0.035562238933011685
leaf_weight=6.3976157456636411 8.2786716222763044 16.599099591374397 7.95595654845238 4921.8910673111677 8784.5206036865711 55.655668333172798 6.6072123944759369 18.070037290453911 5.6682223081588772 13.310186207294466 12.303153842687605
leaf_count=26 19 61 25 15350 30821 217 21 69 19 40 29
internal_value=0 -4.63275e-05 0.00109554 0.00120537 -0.000686678 -0.000646531 -0.0279329 -0.0197245 0.0154436 0.00871644 0.0157665
internal_weight=0 13817.7 4964.52 4938.49 8853.18 8840.18 13.0048 26.026 39.5602 31.2816 25.6133
internal_count=46697 46590 15505 15411 31085 31038 47 94 107 88 69
is_linear=0
shrinkage=0.03


Tree=98
num_leaves=16
num_cat=0
split_feature=16 9 40 28 39 37 27 0 28 29 8 42 38 33 25
split_gain=10.4036 16.29 20.8702 18.5321 17.5873 23.3384 13.745 13.2334 12.8414 14.277 12.7721 12.6507 17.4525 12.425 12.0152
threshold=0.36665000000000009 -0.076526005614865708 0.82624518926798263 1698.1815564470246 1.9603600911427079 1.724872251478496 0.38750000000000007 1.4500000000000002 1409.3102293047612 1534.6215696242755 -1.0968567509027696 1.4252193765046777 -1.016590586055474 1.1887683411900019 0.68333333333333346
decision_type=2 2 2 2 2 2 2 2 2 2 2 2 2 2 2
left_child=1 4 7 -4 5 -1 11 -3 9 -8 -6 14 -13 -10 -2
right_child=6 2 3 -5 10 -7 8 -9 13 -11 -12 12 -14 -15 -16
leaf_value=-0.002890729814981154 -0.0011613693969779097 0.00052798267165634423 -0.00026658891867377811 -0.016906948858000179 0.021150595138446394 0.0029065749614222178 -0.030017491966991557 0.0072167684742803261 0.0012350664970912251 0.011431240722921433 -0.0080521045048089525 -0.0011089689796563074 0.0052976588091133044 0.007079892811529361 -0.030572368337461242
leaf_weight=2290.1228194013238 2157.9477891102433 487.14555100351572 4006.9245143681765 61.144612684845924 13.834173947572706 859.48822378367186 20.612363114953041 587.22344841063023 657.29918828606606 11.715676158666609 504.58835077285767 734.65838345885277 798.59955586493015 652.35767762362957 12.565064460039137
leaf_count=8021 6911 1622 13614 316 55 2880 73 2070 2059 35 2151 2405 2485 1954 46
internal_value=0 -0.000624135 0.000465283 -0.000516814 -0.00215154 -0.00130862 0.0010842 0.00418422 0.00368542 -0.0149883 -0.00727185 0.000141612 0.00222775 0.00414671 -0.00133191
internal_weight=0 8810.47 5142.44 4068.07 3668.03 3149.61 5045.76 1074.37 1341.98 32.328 518.423 3703.77 1533.26 1309.66 2170.51
internal_count=46697 30729 17622 13930 13107 10901 15968 3692 4121 108 2206 11847 4890 4013 6957
is_linear=0
shrinkage=0.03


Tree=99
num_leaves=15
num_cat=0
split_feature=19 37 5 38 44 28 15 10 36 34 12 43 38 44
split_gain=10.2644 18.5072 21.9875 17.1814 15.0002 15.2358 12.2835 12.5784 18.2484 12.5712 9.7508 9.74878 9.58449 9.29898
threshold=0.29687473097662997 1.4056404998402969 0.5634920634920636 3.7427124549045518 1.3320298080429998 1465.4297517816497 0.45000000000000007 0.38750000000000007 -1.6414841762938748 0.19442797546231813 2.1250000000000004 0.49760223656725328 -4.7556423477025414 1.1960133455820781
decision_type=2 2 2 2 2 2 2 2 2 2 2 2 2 2
left_child=1 4 13 -4 12 -6 10 8 -8 -9 -2 -12 -1 -3
right_child=6 2 3 -5 5 -7 7 9 -10 -11 11 -13 -14 -15
leaf_value=0.00090156228499111877 0.026280927971770771 0.052248708692015616 0.0033815229178532497 -0.012419145510303681 -0.010140155220721685 0.0063397546713573295 0.008079154019397225 0.022559964736615284 -0.024870437027667374 -0.0011507003033183224 -0.0043431694761461885 0.00091360690787439575 -0.02312897026746975 0.0050770252636836667
leaf_weight=18.36881385743618 13.451036572456358 10.389639228582384 251.88940995931625 82.119053766131401 148.37944993376732 76.496061757206917 22.550280168652534 20.223360642790794 45.8508230894804 3713.8804728165269 329.04220914840698 9036.8007711470127 79.393254145979881 5.9189331531524649
leaf_count=71 34 30 952 335 605 285 80 60 194 13559 1071 29068 331 22
internal_value=0 -0.00361595 0.00115778 -0.000502574 -0.00880003 -0.00453281 0.000182472 -0.00125578 -0.0140037 -0.00102215 0.000765593 0.000728889 -0.0186111 0.0351605
internal_weight=0 672.955 350.317 334.008 322.638 224.876 13181.8 3802.5 68.4011 3734.1 9379.29 9365.84 97.7621 16.3086
internal_count=46697 2631 1339 1287 1292 890 44066 13893 274 13619 30173 30139 402 52
is_linear=0
shrinkage=0.03


Tree=100
num_leaves=16
num_cat=0
split_feature=3 43 43 6 12 38 20 30 46 46 13 39 34 37 3
split_gain=9.99704 12.6243 14.741 17.1175 14.3834 12.2694 12.1311 12.0138 16.0141 23.9859 15.1289 14.0173 12.0039 7.90242 7.54092
threshold=0.34587386643061974 2.0490240158766482 2.4225359480950606 2.5500000000000003 6.9800000000000013 -0.61568663795818557 0.2675291699126891 -22.723082450995772 1.3668074359070361 1.4720140156765884 4.7550000000000008 0.37853718489586402 2.2181156491177498 -2.563469439022287 -1.0000000180025095e-35
decision_type=2 2 2 2 2 2 2 2 2 2 2 2 2 2 2
left_child=7 4 6 -4 5 -2 -3 10 11 -10 12 -9 -1 -6 -12
right_child=1 2 3 -5 13 -7 -8 8 9 -11 14 -13 -14 -15 -16
leaf_value=-0.00024921091290676145 -0.0029563549700788263 -0.0063594892196861064 -0.0020108796414281252 0.031601436917191181 0.00024058645557436761 0.0017208317799171249 -0.019565689717312269 -0.0085258662995003291 -0.0060600264953353383 0.0010015415357867306 -0.029673716772790831 0.0034625737782172364 -0.0082012502219000992 -0.027431246380853966 -0.0032448024019201814
leaf_weight=4766.7168146520853 834.20670052617788 273.21920559555292 308.04457923769951 14.257247567176817 14.061136215925215 1278.1520600318909 81.261085838079453 90.868816182017326 509.58554226905107 2876.6979408636689 24.008728891611099 2561.5832782462239 177.19353283941746 27.229184441268444 16.368035361170769
leaf_count=15610 2917 1161 1403 43 79 4283 289 303 1747 9665 93 8278 605 165 56
internal_value=0 -0.00159239 -0.00516646 -0.00052215 -0.000469089 -0.000126133 -0.00938819 0.000406357 0.00130616 -6.10461e-05 -0.000683743 0.00305173 -0.000534295 -0.0180028 -0.0189708
internal_weight=0 2830.43 676.782 322.302 2153.65 2112.36 354.48 11023 6038.74 3386.28 4984.29 2652.45 4943.91 41.2903 40.3768
internal_count=46697 10340 2896 1446 7444 7200 1450 36357 19993 11412 16364 8581 16215 244 149
is_linear=0
shrinkage=0.03


Tree=101
num_leaves=16
num_cat=0
split_feature=16 27 9 28 11 43 39 9 41 45 45 40 9 4 28
split_gain=9.75321 16.7373 13.0838 14.1338 12.5474 11.8639 15.9421 11.2109 16.8043 23.4961 13.0803 11.799 21.4866 16.6504 10.6816
threshold=0.55000000000000016 0.13392857142857145 -0.88833607745142051 1573.9582837532646 0.76388888888888895 1.2622527266193011 0.4133617666632019 -0.45929328410919013 1.4958275272949437 1.2143901579958625 0.28285390996984577 0.82624518926798263 -0.076526005614865666 2.7071428571428577 1607.2494338737231
decision_type=2 2 2 2 2 2 2 2 2 2 2 2 2 2 2
left_child=7 5 3 -3 -4 6 -2 8 10 -10 -1 12 -9 -13 -7
right_child=1 2 4 -5 -6 14 -8 11 9 -11 -12 13 -14 -15 -16
leaf_value=0.015637194080117548 -0.024041162522491805 0.0092278554518400568 -0.0099466695657340603 0.04380274960416982 0.003201729354415218 -0.013197739014705764 0.0033925132397627875 -0.0025109126572719419 0.023726736915088184 0.00051371973889092527 -0.0040986890781168741 -0.00026091832086884198 0.0041502161027214442 -0.0098322330457905373 0.0029300523407008428
leaf_weight=30.805458135902882 20.864726722240448 51.363995224237442 68.101822093129158 13.427428886294363 1588.6277394741774 141.70764780044556 219.70228587090969 630.17146358639002 45.585360296070576 281.9564051926136 1559.0360485389829 7571.245074018836 1412.854783654213 167.18329834938049 49.957083813846111
leaf_count=103 74 147 222 37 4835 481 669 2310 142 968 5601 25413 4766 755 174
internal_value=0 0.00185324 0.00317849 0.0164035 0.00266101 -0.00342429 0.001011 -0.000343555 -0.00244113 0.00374591 -0.00371599 6.75871e-05 0.00209544 -0.000467751 -0.00899256
internal_weight=0 2153.75 1721.52 64.7914 1656.73 432.232 240.567 11698.8 1917.38 327.542 1589.84 9781.45 2043.03 7738.43 191.665
internal_count=46697 6639 5241 184 5057 1398 743 40058 6814 1110 5704 33244 7076 26168 655
is_linear=0
shrinkage=0.03


Tree=102
num_leaves=16
num_cat=0
split_feature=44 28 8 37 20 35 45 44 45 16 32 2 33 41 25
split_gain=9.96952 15.2263 14.9756 21.2112 14.3945 16.883 19.5991 13.593 13.0183 12.8979 12.5323 12.1813 25.7194 16.9489 10.8234
threshold=1.7287982466409808 1406.4174428994488 -0.36219217439200441 -3.1285490633305924 0.29482461564892043 -4.41105512109334 1.5693080811019058 1.3610762161110397 0.97101033489291544 1.0000000180025095e-35 0.98149307835400967 0.20233412504826687 2.417922602941224 1.573755270559767 0.43650793650793657
decision_type=2 2 2 2 2 2 2 2 2 2 2 2 2 2 2
left_child=4 2 3 -2 9 6 -6 -7 -4 10 -1 13 -13 -3 -11
right_child=1 11 8 -5 5 7 -8 -9 -10 14 -12 12 -14 -15 -16
leaf_value=0.00019121164773981084 -0.026998926722896655 0.0013084473335106914 -0.026921918508764388 0.011857973851030787 -0.0019552582115027724 0.0042491365838039363 -0.025569491343867712 -0.0011003529917789688 -0.0063339879905544424 -0.00056317749033571636 -0.0038478900888472864 -0.0002010001353127449 -0.028737112413067055 0.0068786015506248997 0.0037783013439599846
leaf_weight=1030.2015336081386 15.349873185157774 1444.4605996608734 33.925912201404572 71.429127007722855 165.92335809767246 1370.9122826755047 39.084425374865532 621.09281197190285 149.52236045897007 4892.4237324148417 2101.1215105056763 562.81417987495661 29.929231464862823 745.46467360854149 577.83630058169365
leaf_count=3954 59 4628 128 219 519 4131 138 1930 549 16331 7863 1900 121 2406 1821
internal_value=0 0.00151171 -0.00528659 0.00497901 -0.000429919 0.00173728 -0.00645977 0.00258106 -0.0101443 -0.0009835 -0.00251894 0.00217202 -0.00164283 0.00320472 -0.000104516
internal_weight=0 3052.9 270.227 86.779 10798.6 2197.01 205.008 1992.01 183.448 8601.58 3131.32 2782.67 592.743 2189.93 5470.26
internal_count=46697 10010 955 278 36687 6718 657 6061 677 29969 11817 9055 2021 7034 18152
is_linear=0
shrinkage=0.03


Tree=103
num_leaves=12
num_cat=0
split_feature=20 44 28 8 20 35 2 25 37 40 28
split_gain=9.57336 9.41518 14.1747 14.1207 11.5678 16.7396 10.7367 10.334 7.12526 7.40138 9.78297
threshold=0.35857726624008895 1.7287982466409808 1406.4174428994488 -0.36219217439200441 0.29482461564892043 -4.41105512109334 0.20233412504826687 0.43650793650793657 -3.0796981907911456 0.94371214330077657 1489.625961980714
decision_type=2 2 2 2 2 2 2 2 2 2 2
left_child=1 4 3 -3 7 -6 -4 -1 -2 -10 -11
right_child=8 2 6 -5 5 -7 -8 -9 9 10 -12
leaf_value=-0.0013099870399291256 0.03967002534022393 0.0048268089680355833 0.0030367753180696832 -0.0098613344620251606 -0.0067272395766401344 0.0023456926600182609 -0.0015182434748065941 0.0020863537220534526 -0.022745643390158467 -0.002687525101828213 0.034483741086156254
leaf_weight=7698.6679012104869 8.1874604374170286 86.815484404563904 2185.3592990785837 183.06150725483894 201.817322447896 1962.4518525451422 591.75911416858435 900.53267142176628 5.6690591275692013 13.282837077975275 12.211825773119925
leaf_count=27002 19 278 7020 677 649 5979 2018 2967 19 40 29
internal_value=0 -4.40709e-05 0.00142812 -0.00513526 -0.000460857 0.00149948 0.00206606 -0.000954276 0.0147721 0.00821062 0.0151121
internal_weight=0 13810.5 3047 269.877 10763.5 2164.27 2777.12 8599.2 39.3512 31.1637 25.4947
internal_count=46697 46590 9993 955 36597 6628 9038 29969 107 88 69
is_linear=0
shrinkage=0.03


Tree=104
num_leaves=16
num_cat=0
split_feature=19 37 5 38 44 20 15 25 39 10 39 25 45 38 44
split_gain=9.50991 17.3755 20.3761 16.25 14.2751 14.3739 10.933 12.1225 17.5269 15.1185 11.7262 19.59 9.6913 9.1516 8.52588
threshold=0.29687473097662997 1.4056404998402969 0.5634920634920636 3.7427124549045518 1.3320298080429998 0.25033126931631361 0.45000000000000007 0.58571428571428574 0.96087276761048546 0.38750000000000007 0.59237821527298629 0.61250000000000016 2.324148931037771 -4.7556423477025414 1.1960133455820781
decision_type=2 2 2 2 2 2 2 2 2 2 2 2 2 2 2
left_child=1 4 14 -4 13 -6 10 9 -9 -8 11 -2 -12 -1 -3
right_child=6 2 3 -5 5 -7 7 8 -10 -11 12 -13 -14 -15 -16
leaf_value=0.00092689387039323441 -0.0017301653066010723 0.049842020032946549 0.003298434423692789 -0.012092578894585721 -0.0017292245873412936 -0.026301737742014344 -0.015788401857859947 -0.0090734966569779012 0.017469242926212044 -0.0012078924717136145 0.0013497530469704648 -0.042735569311612452 -0.0035525246216575046 -0.022575535362082125 0.0048377129698265551
leaf_weight=18.362436905503273 1143.208283752203 10.557543069124224 252.06603406369686 81.753370106220245 200.36563757061958 23.985747203230858 65.147005259990692 32.903436705470085 69.955185651779175 3630.3540182858706 7844.053431943059 10.573480948805807 380.50181603431702 78.755203813314438 5.9337620288133612
leaf_count=71 3663 30 952 335 797 93 265 115 219 13294 25199 41 1270 331 22
internal_value=0 -0.00348364 0.0011375 -0.000470221 -0.00852019 -0.0043587 0.000175598 -0.00118222 0.00897552 -0.00146505 0.000725567 -0.00210657 0.00112291 -0.0181291 0.0336799
internal_weight=0 671.78 350.311 333.819 321.469 224.351 13176.7 3798.36 102.859 3695.5 9378.34 1153.78 8224.56 97.1176 16.4913
internal_count=46697 2631 1339 1287 1292 890 44066 13893 334 13559 30173 3704 26469 402 52
is_linear=0
shrinkage=0.03


Tree=105
num_leaves=10
num_cat=0
split_feature=12 15 42 45 42 14 21 18 45
split_gain=9.10818 9.1595 15.036 13.9806 13.0662 10.2713 14.5233 11.5726 6.07072
threshold=2.1250000000000004 0.90000000000000013 0.9728310755412829 0.54877490558854314 1.6533807009728425 1.5000000000000002 0.44695078874723693 2.3666500000000004 1.2234060391514257
decision_type=2 2 2 2 2 2 2 2 2
left_child=8 5 3 -3 -4 6 -2 -7 -1
right_child=1 2 4 -5 -6 7 -8 -9 -10
leaf_value=0.036533197143358911 0.0054769929530790159 0.04486210243645479 -0.0098809928466815199 0.002786736352955971 -0.00066087657143113691 0.00014997737797118213 -0.00016317073123115668 -0.0030119569720413026 0.0032199449220772199
leaf_weight=10.140857458114626 741.82935175299644 7.4429288655519477 302.43434040993452 154.12281014025211 255.06684128195047 10286.809448972344 920.79504016041756 1159.1267994195223 9.6054047346115095
leaf_count=24 2250 26 1262 587 1067 34184 3157 4112 28
internal_value=0 -3.09903e-05 -0.00332766 0.00472956 -0.00566325 0.000149827 0.00235319 -0.000170207 0.0203533
internal_weight=0 13827.6 719.067 161.566 557.501 13108.6 1662.62 11445.9 19.7463
internal_count=46697 46645 2942 613 2329 43703 5407 38296 52
is_linear=0
shrinkage=0.03


Tree=106
num_leaves=16
num_cat=0
split_feature=2 19 27 10 29 4 5 37 2 35 29 18 9 40 27
split_gain=8.91548 21.2106 14.869 12.0804 12.7163 12.3987 11.124 18.017 11.9042 10.6468 10.2402 8.65892 8.0867 4.58025 4.0613
threshold=1.0000000180025095e-35 9.5999987942401557 0.38750000000000007 1.1055555555555558 1602.4496109039435 0.73214285714285732 0.95000000000000007 1.1253502545149561 -0.72616929180999212 -8.981496811855866 1485.5677513999219 1.2250000000000003 0.12968840795606515 0.60618583289625116 0.23611111111111113
decision_type=2 2 2 2 2 2 2 2 2 2 2 2 2 2 2
left_child=1 6 3 4 -2 -5 8 -8 -1 10 -4 -11 13 -3 -14
right_child=2 12 9 5 -6 -7 7 -9 -10 11 -12 -13 14 -15 -16
leaf_value=0.0079991991372867326 -0.00076379942818819953 -0.039604220261767333 -0.038767687930020001 0.012015240689732556 0.010904767757087786 -0.0039065603032189845 -0.0013435961275633538 0.0021006540055336742 0.0016341308195344259 0.00020165303296241761 -0.0033396772791034826 0.0051702766729865889 0.028416497834431516 -0.017709426092499439 -0.012422588985164856
leaf_weight=299.4001821577549 2096.7830408513546 11.816394515335558 10.900241553783415 45.035899430513382 87.554877579212189 1914.4970175623894 3501.1216428279877 2242.3418414741755 2267.1662434339523 772.17218502610922 22.528978794813156 534.10229109227657 4.3642594665288907 32.060775734484196 4.3720966130495071
leaf_count=924 7611 67 55 143 274 6788 11508 7238 7344 2720 85 1736 19 163 22
internal_value=0 0.00061457 -0.000941952 -0.00183023 -0.000295903 -0.00354042 0.000734834 1.0444e-06 0.00237679 0.00180537 -0.0149088 0.00223345 -0.0183714 -0.0236203 0.0079535
internal_weight=0 8362.64 5483.57 4143.87 2184.34 1959.53 8310.03 5743.46 2566.57 1339.7 33.4292 1306.27 52.6135 43.8772 8.73636
internal_count=46697 27285 19412 14816 7885 6931 27014 18746 8268 4596 140 4456 271 230 41
is_linear=0
shrinkage=0.03


Tree=107
num_leaves=14
num_cat=0
split_feature=16 28 29 8 28 0 20 38 12 22 17 5 28
split_gain=8.85886 16.935 18.8141 17.3864 17.0485 16.8969 14.3745 10.4425 9.34946 8.10931 15.9709 9.36329 7.84584
threshold=0.90000000000000013 1503.4892027455792 1594.75237167618 -0.018244058050719103 1522.9268964222122 0.77500000000000013 0.3011772782101278 2.0411587857920273 2.1250000000000004 0.83834819982922015 4.4500000000000011 0.41428571428571431 1487.4505331772946
decision_type=2 2 2 2 2 2 2 2 2 2 2 2 2
left_child=8 3 4 5 -3 -2 -5 -4 12 10 -10 -11 -1
right_child=1 2 7 6 -6 -7 -8 -9 9 11 -12 -13 -14
leaf_value=0.0017247257367278385 -0.0056828330671006237 -0.021096092060257313 0.040323041178157014 -0.0051959589479893499 -0.00014417273367803076 0.018611507213611506 0.017531021609196781 -0.0057975425315225666 -0.010896237882972627 0.0037890188143135284 0.043526734164431695 -0.00027436528069065891 0.041026291911750487
leaf_weight=9.2194930911064166 31.243864998221397 50.908776253461838 12.811235189437868 106.13066975772381 111.5645836442709 146.35811340808868 32.772527903318405 6.7219593077898017 103.48877127468586 531.75864732265472 5.0801056176424018 12687.95168518275 9.0922509133815748
leaf_count=27 96 174 31 333 364 394 87 21 715 1811 24 42599 21
internal_value=0 0.00392464 -0.00336569 0.00811787 -0.00671191 0.0143359 0.000164913 0.0244414 -0.000148517 -0.000177978 -0.00834317 -0.000110892 0.0212671
internal_weight=0 498.512 182.007 316.505 162.473 177.602 138.903 19.5332 13346.6 13328.3 108.569 13219.7 18.3117
internal_count=46697 1500 590 910 538 490 420 52 45197 45149 739 44410 48
is_linear=0
shrinkage=0.03


Tree=108
num_leaves=16
num_cat=0
split_feature=19 37 5 38 44 28 15 31 45 25 39 25 13 38 44
split_gain=8.78706 16.2225 18.8302 15.3914 13.6389 14.3379 9.76562 11.5376 13.4443 12.6351 11.2662 18.5773 14.4421 8.75045 7.82827
threshold=0.29687473097662997 1.4056404998402969 0.5634920634920636 3.8877745246048909 1.3320298080429998 1465.4297517816497 0.45000000000000007 0.37877972288975686 1.5558467933922269 0.58571428571428574 0.59237821527298629 0.61250000000000016 1.6250000000000002 -4.7556423477025414 1.1960133455820781
decision_type=2 2 2 2 2 2 2 2 2 2 2 2 2 2 2
left_child=1 4 14 -4 13 -6 10 8 -8 -9 11 -2 -12 -1 -3
right_child=6 2 3 -5 5 -7 7 9 -10 -11 12 -13 -14 -15 -16
leaf_value=0.00096297316889411549 -0.0017223380508448072 0.047533864365887184 0.0029509570644227386 -0.012667821707575957 -0.0096348012956532798 0.0063711525827199363 0.0052889902288952998 -0.0016291129978927683 0.041698137452776056 0.0091098753042110712 0.018073892797700823 -0.04175152807722303 0.00098474693461886331 -0.022039592880667494 0.0045605352257905522
leaf_weight=18.355090990662575 1142.9763267785311 10.715521335601808 261.11691755056381 72.551999807357788 147.38589076697826 76.486575663089752 56.079805135726929 3626.70021764189 10.900318294763563 101.34279823303223 44.743049427866936 10.521463960409163 8180.0901265516877 78.122076511383057 5.9502563774585715
leaf_count=71 3663 30 987 300 605 285 181 13356 28 328 145 41 26324 331 22
internal_value=0 -0.00335144 0.00110942 -0.000444524 -0.00823067 -0.00416495 0.000168732 -0.00111528 0.011224 -0.00133708 0.00068835 -0.00208808 0.00107777 -0.0176605 0.0322208
internal_weight=0 670.684 350.335 333.669 320.35 223.872 13173.4 3795.02 66.9801 3728.04 9378.33 1153.5 8224.83 96.4772 16.6658
internal_count=46697 2631 1339 1287 1292 890 44066 13893 209 13684 30173 3704 26469 402 52
is_linear=0
shrinkage=0.03


Tree=109
num_leaves=16
num_cat=0
split_feature=44 28 37 3 45 20 5 33 12 1 5 16 38 9 10
split_gain=8.79312 13.3225 13.9051 13.7434 12.6028 11.8748 13.4165 18.1548 11.9051 11.8552 17.1087 11.7186 13.2891 11.393 10.5295
threshold=1.7287982466409808 1406.4174428994488 -3.2914435076935429 0.77538432961118564 1.204198360829166 0.29482461564892043 0.95000000000000007 0.79753806502924762 2.1250000000000004 2.1000000000000005 1.6458333333333337 1.0000000180025095e-35 -5.0364857783608104 1.5530463247604438 0.47222222222222227
decision_type=2 2 2 2 2 2 2 2 2 2 2 2 2 2 2
left_child=5 2 4 -4 -2 11 7 -7 -8 10 -3 12 -1 -11 -13
right_child=1 9 3 -5 -6 6 8 -9 -10 13 -12 14 -14 -15 -16
leaf_value=0.0051926932855427656 -0.033606246231990808 0.00245961497727066 -0.0030856705993430283 0.04123205857950199 -0.002592207408977035 -0.0046096491226374882 0.030197832615714518 0.0063989818851712139 -0.00065840615673566616 0.0056252746794583095 -0.0039219200021530665 -0.0073239331064886334 -0.0028783828215786992 0.038778632286643681 0.00016930230560126435
leaf_weight=195.84253533929586 26.204918563365936 1815.4518266916275 215.18398453295231 6.4770051538944236 21.47732301056385 165.08304938673973 11.342613354325293 734.75269216299057 1285.8504421561956 481.04258971661329 477.5258861631155 174.32386527210474 2929.6026285737753 9.507188603281973 5293.2815527617931
leaf_count=719 105 5891 752 17 81 522 28 2181 3987 1534 1603 614 11098 27 17538
internal_value=0 0.00141966 -0.00495086 -0.00178754 -0.0196465 -0.000403979 0.0015642 0.00437899 -0.000388138 0.00203622 0.00113048 -0.000907231 -0.00237253 0.0062692 -6.95629e-05
internal_weight=0 3052.87 269.343 221.661 47.6822 10790.1 2197.03 899.836 1297.19 2783.53 2292.98 8593.05 3125.45 490.55 5467.61
internal_count=46697 10010 955 769 186 36687 6718 2703 4015 9055 7494 29969 11817 1561 18152
is_linear=0
shrinkage=0.03


Tree=110
num_leaves=16
num_cat=0
split_feature=3 28 9 3 28 37 46 41 34 33 27 2 13 11 9
split_gain=8.47882 17.3273 12.1635 12.4631 11.9301 17.0327 12.7028 11.6893 17.1041 14.2038 11.2473 16.6794 10.2521 10.0396 9.79729
threshold=0.34587386643061974 1424.4384330993523 0.19021504131649655 0.46153650527850437 1409.3102293047612 -2.6123277656384283 1.3191838446946831 0.22663859088292118 1.4838703165252392 0.58676127637532083 0.47222222222222227 0.52151878365433391 3.0950000000000002 1.0500000000000003 -0.23547982952335453
decision_type=2 2 2 2 2 2 2 2 2 2 2 2 2 2 2
left_child=4 2 14 -4 5 6 -1 8 -3 -9 13 -12 -7 -6 -2
right_child=1 7 3 -5 10 12 -8 9 -10 -11 11 -13 -14 -15 -16
leaf_value=-0.038570104462836534 0.0078662498803492992 0.02365969820161775 -0.034109697573334812 0.010657511900207643 -0.0018891646451652906 0.0010858272772769552 -0.010519072248519588 -0.0099224491140890592 -0.01437344615679181 -0.0014970439835555063 0.00244867344087186 0.017099998491591953 -0.013516779369050672 0.00068142217984109481 0.039196007019113424
leaf_weight=18.460228845477104 16.180599093437195 35.908877365291119 7.447611108422282 22.419680684804916 1653.5816257819533 251.70689576864243 68.439176961779594 193.99112129211426 15.10401628911495 2513.020557038486 997.45814888179302 75.205136224627495 52.237537831068039 7899.8881095051765 20.281352356076241
leaf_count=79 52 119 30 72 5583 862 249 771 65 9180 3164 235 183 26002 51
internal_value=0 -0.00146823 0.0136822 -0.000503134 0.000374176 -0.00477319 -0.0164852 -0.00183275 0.0123923 -0.00210097 0.000563536 0.00347632 -0.00142323 0.000236454 0.0253071
internal_weight=0 2824.35 66.3292 29.8673 11017 390.844 86.8994 2758.02 51.0129 2707.01 10626.1 1072.66 303.944 9553.47 36.462
internal_count=46697 10340 205 102 36357 1373 328 10135 184 9951 34984 3399 1045 31585 103
is_linear=0
shrinkage=0.03


Tree=111
num_leaves=16
num_cat=0
split_feature=44 20 36 46 37 44 11 2 33 45 21 32 8 25 4
split_gain=8.27071 11.0822 13.3836 24.1213 16.3229 10.1356 12.9035 9.33859 22.3061 16.2671 18.4113 15.9062 13.8242 8.98921 8.16748
threshold=1.7287982466409808 0.29482461564892043 -1.8177184221886702 1.3668074359070361 -7.4507233938703381 1.714476296397385 0.76388888888888895 0.20233412504826687 2.417922602941224 1.9014538096654348 0.69571112798312662 2.7982360844898575 -0.75036542960299835 0.43650793650793657 1.9500000000000002
decision_type=2 2 2 2 2 2 2 2 2 2 2 2 2 2 2
left_child=1 5 3 -3 -4 13 -7 9 11 12 -11 -9 -2 -1 -10
right_child=7 2 4 -5 -6 6 -8 8 14 10 -12 -13 -14 -15 -16
leaf_value=-0.0011109548435993143 0.0088175520693367683 -0.0079597800632239951 -0.018838728283212713 0.006491595784642438 0.0031110905893990074 0.027339575314704396 -0.014953520922178843 0.00088886538942185432 -0.036926179835391475 0.010505068604642731 -0.00895707302506203 -0.01679652042520785 0.0003675336300442754 0.0020671720643368314 -0.0033937603048550566
leaf_weight=7612.4047248959541 192.29608473181725 304.48290061950684 31.033747002482414 157.8025997877121 1703.7569559067488 7.0879329442977896 75.681491196155548 543.45943458378315 21.512604832649235 329.39693720638752 50.421616986393929 49.967700242996216 1856.7177002578974 895.10236953943968 9.4218183010816556
leaf_count=26728 590 979 107 472 5160 22 272 1830 92 1043 236 181 6004 2947 34
internal_value=0 -0.000391911 0.00150937 -0.00302608 0.00271815 -0.000878224 -0.0113253 0.00137671 -0.00189541 0.00221797 0.00792048 -0.00060003 0.00116074 -0.000776537 -0.0267272
internal_weight=0 10787.4 2197.08 462.286 1734.79 8590.28 82.7694 3053.19 624.362 2428.83 379.819 593.427 2049.01 8507.51 30.9344
internal_count=46697 36687 6718 1451 5267 29969 294 10010 2137 7873 1279 2011 6594 29675 126
is_linear=0
shrinkage=0.03


Tree=112
num_leaves=16
num_cat=0
split_feature=18 47 31 36 46 43 4 44 28 32 28 17 35 2 8
split_gain=8.12343 12.2992 14.6509 18.8073 15.3208 12.0987 23.7676 14.4548 11.2106 18.9543 16.887 15.8946 14.8404 19.0284 10.712
threshold=2.3666500000000004 1.0000000180025095e-35 1.803302675978717 -0.16199858116247012 1.323793624350722 1.0884616041333872 1.4365079365079367 0.89197269570650572 1534.6867108060578 2.3967678216139747 1540.4719905259597 1.9000000000000001 3.7429087256056399 1.1076346167576114 -0.44635749267556762
decision_type=2 2 2 2 2 2 2 2 2 2 2 2 2 2 2
left_child=8 2 3 -2 -4 6 -3 -7 12 10 -10 -11 14 -14 -1
right_child=1 5 4 -5 -6 7 -8 -9 9 11 -12 -13 13 -15 -16
leaf_value=0.0025234737253126815 -0.0011861639609303406 0.0037070411186033679 0.011047412969261176 -0.0097802142940184144 -0.0096057239280379469 0.024495822076921293 0.036431537884895525 -0.0058284524893853851 -0.0090126625776244702 0.027512058507466346 -0.00077607101797963647 -0.0059266636295143482 0.0038779014796685211 0.054704213194408588 -0.00023891668745840678
leaf_weight=1639.3041296154261 508.93769711256027 94.163443505764008 108.83057026565075 417.05255375802517 45.960344329476357 15.966184213757513 25.353463977575302 123.45797623693943 237.33134683966637 37.699016556143761 3996.8372760042548 19.338327571749687 1053.5146628767252 6.6623489409685126 5509.048625677824
leaf_count=5189 1798 317 363 1523 169 47 70 429 810 112 14695 76 3318 16 17765
internal_value=0 -0.00222184 -0.00362894 -0.00505719 0.00491294 0.00364995 0.010654 -0.0023522 0.000236213 -0.00100634 -0.00123784 0.0161705 0.000885825 0.0041981 0.000394532
internal_weight=0 1339.72 1080.78 925.99 154.791 258.941 119.517 139.424 12499.7 4291.21 4234.17 57.0373 8208.53 1060.18 7148.35
internal_count=46697 4716 3853 3321 532 863 387 476 41981 15693 15505 188 26288 3334 22954
is_linear=0
shrinkage=0.03


Tree=113
num_leaves=15
num_cat=0
split_feature=16 2 9 8 0 36 39 0 33 41 35 44 33 38
split_gain=8.08402 12.644 11.933 13.0379 10.9252 25.9818 9.77905 8.65105 9.04699 20.5955 8.3568 8.62325 5.58376 4.46319
threshold=1.0000000180025095e-35 0.69545449123438774 2.3694218617418583 0.26068688219540032 4.1000000000000005 1.7617772746769336 0.24940063365426932 3.3666666666666671 1.6491599768189362 1.5706745164702312 -14.059353120671334 0.26006865022064218 1.7481930772779473 2.8772050162580061
decision_type=2 2 2 2 2 2 2 2 2 2 2 2 2 2
left_child=1 2 3 -1 6 -6 -3 10 9 -9 12 -12 -2 -10
right_child=7 4 -4 -5 5 -7 -8 8 13 -11 11 -13 -14 -15
leaf_value=0.00032327773116659349 0.030416697334840273 0.022848659743085822 0.038417411956771598 -0.0034290826318427031 0.071129454209054366 -0.018856660951665494 -0.0073508252792344776 -0.0094954206314839321 -0.015733527253302276 0.035659787872426463 0.015451871980137186 0.00054638774227844982 -0.0054889537767103145 -0.043431271031226411
leaf_weight=3557.7163742110133 13.902101352810861 9.8676441609859449 7.0713004916906348 1088.2581507414579 5.3729362040758115 6.214994490146637 412.0363397449255 55.944897495210171 23.761182427406315 10.843304604291914 35.065946951508522 8600.493035800755 5.3932597339153281 6.7435465678572646
leaf_count=12364 48 30 22 4017 21 38 1891 275 107 36 115 27680 20 33
internal_value=0 -0.000952841 -0.000496229 -0.000555604 -0.00585323 0.0228664 -0.00664327 0.00055104 -0.00834413 -0.00215558 0.000651079 0.000606966 0.0203675 -0.0218786
internal_weight=0 5086.54 4653.05 4645.97 433.492 11.5879 421.904 8752.15 97.2929 66.7882 8654.85 8635.56 19.2954 30.5047
internal_count=46697 18383 16403 16381 1980 59 1921 28314 451 311 27863 27795 68 140
is_linear=0
shrinkage=0.03


Tree=114
num_leaves=13
num_cat=0
split_feature=16 28 29 8 28 5 38 12 19 5 5 30
split_gain=7.9468 15.7823 17.6334 16.2169 16.1891 10.1942 9.76146 8.8267 8.39056 12.9386 8.4877 8.22794
threshold=0.90000000000000013 1503.4892027455792 1594.75237167618 -0.018244058050719103 1522.9268964222122 0.86607142857142871 2.0411587857920273 1.8650000000000002 16.964282318063326 0.95000000000000007 0.41428571428571431 -124.29921487330726
decision_type=2 2 2 2 2 2 2 2 2 2 2 2
left_child=7 3 4 11 -3 -5 -4 -1 10 -10 -9 -2
right_child=1 2 6 5 -6 -7 -8 8 9 -11 -12 -13
leaf_value=0.030726612089522098 -0.023459378031756052 -0.02058628085368204 0.038919100777243462 0.019007746068726593 -0.00016285248615185134 -0.0034050308278257896 -0.0056604585760590088 0.0035873127790184518 -0.018906191257901089 0.011307344001669186 -0.00026302616111140289 0.014895800798454463
leaf_weight=8.3223450481891614 5.1705533862113944 50.867854833602905 12.831608891487123 21.625602781772614 111.5406681895256 117.20372213423252 6.7212480753660193 536.9942839667201 48.013461790978909 17.349558122456074 12728.373249351978 172.30720853805542
leaf_count=21 18 174 31 58 364 362 21 1839 390 104 42843 472
internal_value=0 0.00371806 -0.00332014 0.00776783 -0.00656238 8.51899e-05 0.0235846 -0.000140679 -0.000159995 -0.0108814 -0.000107136 0.0137754
internal_weight=0 498.268 181.961 316.307 162.409 138.829 19.5529 13339.1 13330.7 65.363 13265.4 177.478
internal_count=46697 1500 590 910 538 420 52 45197 45176 494 44682 490
is_linear=0
shrinkage=0.03


Tree=115
num_leaves=16
num_cat=0
split_feature=19 37 5 20 44 20 15 37 42 2 39 25 13 38 44
split_gain=7.80172 15.2819 17.5029 14.978 12.949 13.7721 8.58265 11.381 17.6396 17.0117 10.7677 17.6519 13.6513 8.3063 7.23751
threshold=0.29687473097662997 1.4056404998402969 0.5634920634920636 0.26611773741754779 1.3320298080429998 0.25033126931631361 0.45000000000000007 -0.59820512428507289 0.97661125944937144 0.44758234102593547 0.59237821527298629 0.61250000000000016 1.6250000000000002 -4.7556423477025414 1.1960133455820781
decision_type=2 2 2 2 2 2 2 2 2 2 2 2 2 2 2
left_child=1 4 14 -4 13 -6 10 8 -8 -9 11 -2 -12 -1 -3
right_child=6 2 3 -5 5 -7 7 9 -10 -11 12 -13 -14 -15 -16
leaf_value=0.00099050299383920308 -0.0017133966506537002 0.045627162249591485 -0.0015280237553631675 0.033756434369435651 -0.0013749995268341939 -0.025522797779197616 0.0050816626171497166 0.0018847772743022172 -0.0041284169120801876 -0.0043925953602620077 0.017517422358038933 -0.040838508688378933 0.00093588617377121284 -0.021446181665531302 0.004406333546026802
leaf_weight=18.344102844595909 1142.5506042391062 10.839782163500788 321.91360513865948 11.194236531853674 199.37136352062225 23.788219898939133 215.30540043860674 1635.7965070828795 1429.9094861075282 509.55201581865549 44.923471361398697 10.464189663529394 8179.0654037296772 77.379839465022087 5.9579065889120093
leaf_count=71 3663 30 1257 30 797 93 744 5580 5427 2142 145 41 26324 331 22
internal_value=0 -0.00316258 0.00116585 -0.000340396 -0.00791293 -0.00395146 0.000158858 -0.00104576 -0.00292291 0.000393655 0.000645844 -0.00206909 0.00102652 -0.0171437 0.0310359
internal_weight=0 668.789 349.906 333.108 318.884 223.16 13167.6 3790.56 1645.21 2145.35 9377 1153.01 8223.99 95.7239 16.7977
internal_count=46697 2631 1339 1287 1292 890 44066 13893 6171 7722 30173 3704 26469 402 52
is_linear=0
shrinkage=0.03


Tree=116
num_leaves=16
num_cat=0
split_feature=2 2 35 37 17 15 29 3 28 8 35 6 35 16 38
split_gain=7.75441 17.2169 14.0812 12.2955 12.0696 12.1536 11.9346 10.9439 10.6485 10.4722 15.0376 9.71461 11.2482 9.57265 9.44199
threshold=-0.72616929180999212 -0.7418094041945037 -4.41105512109334 -4.15628299444736 2.7083500000000007 0.77500000000000013 1437.157275333195 -0.70591523078107266 1388.2691954949476 -1.2962707042673038 1.4417643324485427 1.3666666666666669 0.33686960167262897 1.0000000180025095e-35 1.0106052765584652
decision_type=2 2 2 2 2 2 2 2 2 2 2 2 2 2 2
left_child=1 4 7 -4 6 -6 -1 -3 11 10 -10 14 -13 -11 -2
right_child=8 2 3 -5 5 -7 -8 -9 9 13 -12 12 -14 -15 -16
leaf_value=0.0092217596793405677 -0.010628041274509635 0.011289299848332069 0.052823148298631578 0.015571889202739397 -0.0036837003439398591 0.04015044057953044 -0.0002433706181900155 -0.043129608628248675 0.029241922045439857 -0.0012875506353074145 -0.01465980805129951 -0.005132490826362573 0.035687298095017438 0.00044230240086374372 -0.03779466593913252
leaf_weight=135.52229423820972 55.737454056739807 7.3556040972471237 9.08659879863262 65.414571613073349 9.511758029460907 14.119280815124512 1038.6841146051884 6.0473489165306074 24.13046595454216 4543.579894900322 9.8849474638700467 35.178288131952286 7.3324768692255011 7858.8087249472737 14.528138309717177
leaf_count=420 201 23 22 196 31 39 3379 24 70 16528 37 135 24 25508 60
internal_value=0 0.00221721 0.0150317 0.0201258 0.00127644 0.0224999 0.000848871 -0.0132557 -0.000229026 -0.000145779 0.0164746 -0.00940558 0.001908 -0.000191401 -0.0162539
internal_weight=0 1285.74 87.9041 74.5012 1197.84 23.631 1174.21 13.403 12549.2 12436.4 34.0154 112.776 42.5108 12402.4 70.2656
internal_count=46697 4134 265 218 3869 70 3799 47 42563 42143 107 420 159 42036 261
is_linear=0
shrinkage=0.03


Tree=117
num_leaves=7
num_cat=0
split_feature=19 18 18 21 28 36
split_gain=7.70381 7.56201 8.96664 12.4268 9.50676 5.4356
threshold=24.528295167273704 5.1000000000000005 2.3666500000000004 0.35392925662182195 1534.6867108060578 2.5082160731081564
decision_type=2 2 2 2 2 2
left_child=1 2 4 -4 -1 -2
right_child=5 -3 3 -5 -6 -7
leaf_value=0.00084814657056560749 -0.034968842146824775 0.025201846508045564 0.021433307046004688 -0.0026971471113672093 -0.00089665363264213862 0.0048533872500633743
leaf_weight=8208.0670432150364 9.5682875886559469 10.715076118707655 19.481337547302246 1308.0400802046061 4273.7929440289736 4.5289576053619376
leaf_count=26288 81 35 54 4627 15575 37
internal_value=0 2.09538e-05 1.37528e-06 -0.00234265 0.000250702 -0.0221597
internal_weight=0 13820.1 13809.4 1327.52 12481.9 14.0972
internal_count=46697 46579 46544 4681 41863 118
is_linear=0
shrinkage=0.03


Tree=118
num_leaves=12
num_cat=0
split_feature=20 22 17 5 28 21 29 36 37 40 28
split_gain=7.53831 7.56479 10.8066 12.4925 11.7026 10.4451 9.36903 8.29865 6.80442 6.83483 9.29431
threshold=0.35857726624008895 1.5487387290705661 0.77500000000000013 0.68333333333333346 1365.3324507869304 0.43654397077825441 1491.8578529016002 -0.49574607550011929 -3.0796981907911456 0.94371214330077657 1489.625961980714
decision_type=2 2 2 2 2 2 2 2 2 2 2
left_child=1 5 3 -3 -4 6 -1 -7 -2 -10 -11
right_child=8 2 4 -5 -6 7 -8 -9 9 10 -12
leaf_value=-0.001623634881571045 0.037881937089613502 0.010039497839365884 -0.032882046269897533 0.0019435565750910064 3.753374880216873e-05 -0.0016225829601689073 -0.052666712869500087 0.00024639652034197363 -0.022967970643603029 -0.0038860995648715008 0.032604217214584841
leaf_weight=6.4121433794498426 7.9808314740657798 195.87611451745033 9.7368796616792661 1381.7695776969194 3376.2178763896227 3643.7564883455634 6.5518367290496826 5174.1109325811267 5.6534994244575527 13.160257115960123 11.984207943081854
leaf_count=20 19 572 38 4266 10629 12787 27 18251 19 40 29
internal_value=0 -3.8766e-05 0.000898276 0.00294897 -5.71402e-05 -0.000565489 -0.027464 -0.000525878 0.0132051 0.00679051 0.0134998
internal_weight=0 13794.4 4963.6 1577.65 3385.95 8830.83 12.964 8817.87 38.7788 30.798 25.1445
internal_count=46697 46590 15505 4838 10667 31085 47 31038 107 88 69
is_linear=0
shrinkage=0.03


Tree=119
num_leaves=16
num_cat=0
split_feature=44 28 8 37 45 1 22 11 20 35 45 44 16 38 10
split_gain=7.61587 11.5935 12.8789 18.8375 11.9389 11.2775 16.6445 12.5745 9.52903 14.3956 18.3935 12.514 9.92156 12.5694 9.98377
threshold=1.7287982466409808 1406.4174428994488 -0.36219217439200441 -3.1285490633305924 0.97101033489291544 2.3666666666666671 1.2086122743322907 2.683333333333334 0.29482461564892043 -4.41105512109334 1.5693080811019058 1.3610762161110397 1.0000000180025095e-35 -5.3487203496942008 0.47222222222222227
decision_type=2 2 2 2 2 2 2 2 2 2 2 2 2 2 2
left_child=8 2 3 -2 -4 7 -7 -3 12 10 -10 -11 13 -1 -14
right_child=1 5 4 -5 -6 6 -8 -9 9 11 -12 -13 14 -15 -16
leaf_value=0.0058852880691293314 -0.025498638195543641 0.0015635438153023668 -0.025348655448248474 0.011315201748664346 -0.0055131910753120203 0.042187990816059208 0.0060328035983109665 -0.013242953009683934 -0.0018245760837424692 0.0037654264989521917 -0.024727497588007363 -0.0013675876161628651 -0.0071270802976816181 -0.0026280007816532175 0.00017545275274090586
leaf_weight=164.76672579348087 15.146257817745207 2446.829699292779 33.489245414733887 71.56115160882473 148.27773623168468 11.956839382648466 272.58903262019157 52.72036811709404 165.74084067344666 1371.2397101968527 38.983162492513657 620.94769951701164 174.02765931934118 2952.828513070941 5291.2120342552662
leaf_count=604 59 7967 128 219 549 43 855 190 519 4131 138 1930 614 11213 17538
internal_value=0 0.00132125 -0.00463201 0.00487881 -0.00917058 0.00189545 0.00755456 0.00125107 -0.00037618 0.00138676 -0.00618817 0.00216536 -0.000827467 -0.00217795 -5.70369e-05
internal_weight=0 3052.57 268.474 86.7074 181.767 2784.1 284.546 2499.55 10779.7 2196.91 204.724 1992.19 8582.83 3117.6 5465.24
internal_count=46697 10010 955 278 677 9055 898 8157 36687 6718 657 6061 29969 11817 18152
is_linear=0
shrinkage=0.03


Tree=120
num_leaves=11
num_cat=0
split_feature=16 8 39 14 43 20 30 12 18 18
split_gain=7.2022 12.7046 14.877 13.3474 12.1477 10.9012 10.5546 8.24071 7.20111 7.12088
threshold=0.90000000000000013 -0.0040478150461297378 2.1603935038965654 3.5000000000000004 2.0163702653685713 0.29599340207644009 88.426279830663375 1.8650000000000002 5.1000000000000005 2.3666500000000004
decision_type=2 2 2 2 2 2 2 2 2 2
left_child=7 2 3 -2 5 -3 -4 -1 9 -9
right_child=1 4 6 -5 -6 -7 -8 8 -10 -11
leaf_value=0.029936518247421242 0.0064493086779422977 -0.0077625960865614534 -0.047747308505368076 0.024405773718770257 0.027199088227854863 0.0065180849344086524 0.004648058099750418 5.6766657229605955e-05 0.024340283121545115 -0.0022735660562132219
leaf_weight=8.187019929289816 205.2219477891922 150.20701541006565 7.094533830881117 45.540447771549225 12.498790889978407 70.744698047637939 6.7238850295543671 12005.055186070502 10.784679859876631 1308.7885239571333
leaf_count=21 603 488 28 121 35 201 24 40516 35 4625
internal_value=0 0.0035405 0.00804138 0.00971239 -0.00155941 -0.00318874 -0.0222457 -0.000133889 -0.00015241 -0.000172291
internal_weight=0 498.031 264.581 250.762 233.451 220.952 13.8184 13332.8 13324.6 13313.8
internal_count=46697 1500 776 724 724 689 52 45197 45176 45141
is_linear=0
shrinkage=0.03


Tree=121
num_leaves=16
num_cat=0
split_feature=44 28 37 8 4 41 43 41 6 39 35 1 4 24 13
split_gain=7.16992 10.8939 12.1307 18.4253 10.887 10.5531 9.72752 18.104 14.1587 10.9955 9.68225 9.25415 8.9677 15.4061 13.1858
threshold=1.7287982466409808 1406.4174428994488 -3.2914435076935429 -0.36219217439200441 0.89444444444444449 0.77228498631964781 0.53123018255463905 2.5317533755422299 2.1000000000000005 0.4133617666632019 -4.5701864822523008 2.3666666666666671 1.6458333333333337 0.63333333333333341 2.1450000000000005
decision_type=2 2 2 2 2 2 2 2 2 2 2 2 2 2 2
left_child=6 2 5 -4 10 -2 7 8 -1 -9 -3 -6 14 -14 -8
right_child=1 4 3 -5 11 -7 12 9 -10 -11 -12 -13 13 -15 -16
leaf_value=-0.0080740266419526505 -0.040009409056218005 -0.00039676513912369535 0.010953880115329329 -0.0075484043637607202 0.00057877509688443343 -0.0089974036460244797 -0.0027163860323060236 0.040765789567415792 0.01855262640434048 -0.0060945534896278582 0.011140767972543899 0.0066402130772807511 -0.0015590601204046293 0.013749295657219341 0.0010633255512159786
leaf_weight=336.26174063235521 14.130110561847685 98.147400215268135 71.666952013969421 149.38539604097605 2238.0871866121888 32.899904385209084 978.5430311858654 12.030309766530992 18.972770735621452 7.1823753267526618 196.26311951875687 252.25005599856377 3868.3060802668333 60.072310373187065 5495.9715156257153
leaf_count=1131 59 317 219 550 7337 127 3440 35 58 27 603 798 14166 191 17639
internal_value=0 0.00128189 -0.00449359 -0.00154823 0.00183801 -0.0183278 -0.000365075 -0.00511564 -0.00665059 0.0232381 0.00729361 0.00119289 -0.000194048 -0.00132486 0.000492019
internal_weight=0 3052.83 268.082 221.052 2784.75 47.03 10777.3 374.447 355.235 19.2127 294.411 2490.34 10402.9 3928.38 6474.51
internal_count=46697 10010 955 769 9055 186 36687 1251 1189 62 920 8135 35436 14357 21079
is_linear=0
shrinkage=0.03


Tree=122
num_leaves=10
num_cat=0
split_feature=19 45 2 24 44 2 2 16 36
split_gain=7.33494 7.37782 12.2812 13.1299 12.3746 7.84803 17.8818 10.0126 5.32494
threshold=24.528295167273704 0.35678081714945892 0.59780375787669404 0.36666666666666675 1.2347094380014878 -0.72616929180999212 -0.7418094041945037 1.0000000180025095e-35 2.5082160731081564
decision_type=2 2 2 2 2 2 2 2 2
left_child=1 2 3 -1 -4 6 -3 -7 -2
right_child=8 5 4 -5 -6 7 -8 -9 -10
leaf_value=0.01052772256778178 -0.034786796618646462 0.0012255088881594277 0.052512018291273922 -0.0085684914904933344 -0.0005505017201352275 -0.0014132975864659515 0.01531094417186875 0.00036004853353582448 0.0047782506636361325
leaf_weight=89.564182206988335 9.3150175884366018 1185.2236181497574 9.7657716050744074 50.748543828725815 6.624620482325553 4501.2001612707973 87.074532255530357 7885.0997291654348 4.5361233577132216
leaf_count=289 81 3828 32 177 27 16388 261 25577 37
internal_value=0 2.03698e-05 0.00649264 0.00361872 0.0310598 -5.38683e-05 0.00218985 -0.000284365 -0.0218139
internal_weight=0 13815.3 156.703 140.313 16.3904 13658.6 1272.3 12386.3 13.8511
internal_count=46697 46579 525 466 59 46054 4089 41965 118
is_linear=0
shrinkage=0.03


Tree=123
num_leaves=10
num_cat=0
split_feature=19 19 37 5 18 46 37 5 10
split_gain=7.01696 7.03591 14.3981 16.413 12.4329 9.22975 12.0003 11.0811 5.30578
threshold=24.528295167273704 0.29687473097662997 1.4056404998402969 0.5634920634920636 4.1000000000000005 0.79504143550448536 -5.7861181406184405 2.3541666666666674 0.68333333333333346
decision_type=2 2 2 2 2 2 2 2 2
left_child=1 2 4 -4 -1 6 -3 -7 -2
right_child=8 5 3 -5 -6 7 -8 -9 -10
leaf_value=-0.0087239416076864973 0.005555450183705647 0.015628835658568534 0.030043577468944344 -0.00025036456969365043 0.024003091863751019 -0.00020232443093473311 0.0018203119834982037 0.01016162773397041 -0.034409648746456821
leaf_weight=306.80276648700237 4.3968028202652922 58.872087895870209 16.903708502650261 332.6216828301549 10.801526397466658 11500.757079012692 1494.3200976327062 93.593865320086479 9.2373667955398542
leaf_count=1251 33 176 52 1287 41 38668 4812 292 85
internal_value=0 1.97434e-05 -0.00298579 0.00121467 -0.00760925 0.000172274 0.002344 -0.000118628 -0.0215049
internal_weight=0 13814.7 667.13 349.525 317.604 13147.5 1553.19 11594.4 13.6342
internal_count=46697 46579 2631 1339 1292 43948 4988 38960 118
is_linear=0
shrinkage=0.03


Tree=124
num_leaves=16
num_cat=0
split_feature=3 32 32 36 22 41 34 33 30 46 46 13 39 34 3
split_gain=6.96351 16.1485 19.9933 14.6591 13.3453 11.2827 14.6711 13.4437 10.9453 14.5604 22.6466 14.4878 12.9506 10.9726 7.27321
threshold=0.34587386643061974 2.3967678216139747 2.5580132721808533 -3.0124071785707538 1.566386455573342 0.22663859088292118 1.4838703165252392 0.58676127637532083 -22.723082450995772 1.3668074359070361 1.4720140156765884 4.7550000000000008 0.37853718489586402 2.2181156491177498 -1.0000000180025095e-35
decision_type=2 2 2 2 2 2 2 2 2 2 2 2 2 2 2
left_child=8 5 4 -4 -3 6 -2 -7 11 12 -11 13 -10 -1 -13
right_child=1 2 3 -5 -6 7 -8 -9 9 10 -12 14 -14 -15 -16
leaf_value=-0.00028384842558823925 0.022810787616696172 0.031236066603673552 0.021468707534397797 -0.010149168875882405 -0.0034225765601466123 -0.0097838534800867225 -0.012977337220884937 -0.0014869767662519901 -0.0082780011539306877 -0.005942817066733031 0.00092591751936044945 -0.029237601408232998 0.0032574118497598202 -0.0078985574583970378 -0.0032086695858693616
leaf_weight=4759.9573352336884 35.207103110849857 41.330500334501266 18.065144330263138 48.87968821823597 13.166434496641157 189.31812487542629 14.557053431868551 2457.0096258446574 90.671363428235054 508.42967444658279 2873.748085424304 23.788295418024063 2560.5335570946336 176.62770879268646 16.316637724637985
leaf_count=15610 116 123 54 171 43 758 63 9012 303 1747 9665 93 8278 605 56
internal_value=0 -0.0013323 0.00936814 -0.00161063 0.022858 -0.00181443 0.0123355 -0.00208068 0.000339089 0.00119818 -0.000106559 -0.00070235 0.00286276 -0.000556374 -0.0186587
internal_weight=0 2817.53 121.442 66.9448 54.4969 2696.09 49.7642 2646.33 11010.1 6033.38 3382.18 4976.69 2651.2 4936.59 40.1049
internal_count=46697 10340 391 225 166 9949 179 9770 36357 19993 11412 16364 8581 16215 149
is_linear=0
shrinkage=0.03


Tree=125
num_leaves=9
num_cat=0
split_feature=20 27 45 3 0 2 28 4
split_gain=6.88525 6.788 7.14243 12.2185 7.83194 6.60178 8.25511 7.37043
threshold=0.35857726624008895 0.8500000000000002 0.35678081714945892 -0.5792666313101843 3.2250000000000005 -0.60306446637934985 1511.9602940511847 0.95000000000000007
decision_type=2 2 2 2 2 2 2 2
left_child=1 2 3 -1 -4 -2 7 -7
right_child=5 -3 4 -5 -6 6 -8 -9
leaf_value=-0.013365277360552203 0.03761908680679691 -0.024341553008914489 -9.4144554984213315e-06 0.0099831847816009393 -0.0063990424879172628 0.022733996796992541 0.034278682088047935 -0.013456040227323482
leaf_weight=23.823765486478806 7.6401185393333426 10.324268087744711 13448.525703057647 131.01258742809296 174.88428124040365 7.3473405838012757 7.3195850700139991 16.233785018324852
leaf_count=86 18 38 45182 434 850 19 18 52
internal_value=0 -3.68741e-05 -1.86227e-05 0.00638812 -9.1465e-05 0.0126592 0.00646809 -0.00216248
internal_weight=0 13788.6 13778.2 154.836 13623.4 38.5408 30.9007 23.5811
internal_count=46697 46590 46552 520 46032 107 89 71
is_linear=0
shrinkage=0.03


Tree=126
num_leaves=12
num_cat=0
split_feature=21 22 44 38 30 33 41 20 19 11 24
split_gain=6.81605 15.2732 18.005 8.347 8.49449 11.0234 10.5014 8.17458 22.9628 7.80178 5.68043
threshold=0.35392925662182195 1.5826454264531542 1.1817818379103546 4.3168471142080884 -92.236954846576268 2.0063627708654064 1.8200682398638397 0.31251598465473152 0.67692306131317681 1.0500000000000003 0.36666666666666675
decision_type=2 2 2 2 2 2 2 2 2 2 2
left_child=3 7 -3 4 6 -6 -1 9 -9 -2 -4
right_child=1 2 10 -5 5 -7 -8 8 -10 -11 -12
leaf_value=0.027261521606434056 -0.0017940892502971092 0.0069426390423875627 -0.053109945047190389 -0.026030425053758261 0.0011076104641529873 0.029380125038028875 -0.01635729153160545 0.025671380549007673 0.0018388210035878625 0.00014341282248686056 -0.016500283009917963
leaf_weight=29.764718979597092 2265.7486439049244 11.72270715236664 11.693115413188936 7.2094742953777304 135.65246067941189 13.655046999454497 5.9462596029043189 38.813848868012428 580.21336400508881 10720.503939926624 5.7173865139484397
leaf_count=78 7766 34 46 25 414 35 20 101 1744 36415 19
internal_value=0 -8.05259e-05 -0.0217752 0.00560811 0.00684391 0.0036971 0.0199876 -3.40327e-05 0.00333403 -0.000194607 -0.0411214
internal_weight=0 13634.4 29.1332 192.228 185.018 149.308 35.711 13605.3 619.027 12986.3 17.4105
internal_count=46697 46125 99 572 547 449 98 46026 1845 44181 65
is_linear=0
shrinkage=0.03


Tree=127
num_leaves=16
num_cat=0
split_feature=15 42 29 17 29 0 51 3 14 3 21 18 21 33 11
split_gain=6.80745 14.3405 21.3995 14.9807 13.1109 12.991 14.2851 10.7622 8.98384 13.0459 11.7044 8.8 11.855 9.94194 8.28561
threshold=0.90000000000000013 0.9728310755412829 1491.2599289492382 1.4500000000000002 1471.7268895817026 2.1000000000000005 1.0000000180025095e-35 -0.19541633119844445 1.5000000000000002 -1.1513668007940343 0.44695078874723693 2.3666500000000004 0.35392925662182195 0.98779697814113876 1.8944444444444446
decision_type=2 2 2 2 2 2 2 2 2 2 2 2 2 2 2
left_child=8 2 4 -4 -2 6 -3 -7 9 14 -11 13 -13 -10 -1
right_child=1 5 3 -5 -6 7 -8 -9 11 10 -12 12 -14 -15 -16
leaf_value=0.009262533636264331 0.0059368288264379258 0.00020377884435733565 0.020065695462991803 -0.011515465381499296 0.031091212345102912 0.02035009911900236 -0.014530230746834953 -0.014801080514101804 -0.0013230354654127025 0.0047655348294621657 -0.00032357155958775876 0.022383297650302274 -0.0029989556888984298 0.00073036471171412595 0.050818294041109581
leaf_weight=9.6242772340774554 44.406086012721062 336.11475329846144 16.809285163879395 68.789830274879932 32.19460541754961 8.2948878332972509 71.868521891534328 138.19667632132769 2991.9167021736503 732.45286183059216 914.3715371415019 16.79324097931385 1137.3634680956602 7299.1367115601897 7.8628138601779929
leaf_count=30 180 1278 50 279 106 32 285 738 10118 2225 3142 46 4066 24104 18
internal_value=0 -0.00284842 0.00499661 -0.00530868 0.0165156 -0.00514391 -0.00239126 -0.0128074 0.000154248 0.00221371 0.00193973 -0.000145205 -0.00262919 0.00013335 0.027983
internal_weight=0 716.675 162.2 85.5991 76.6007 554.475 407.983 146.492 13109.5 1664.31 1646.82 11445.2 1154.16 10291.1 17.4871
internal_count=46697 2948 615 329 286 2333 1563 770 43749 5415 5367 38334 4112 34222 48
is_linear=0
shrinkage=0.03


Tree=128
num_leaves=16
num_cat=0
split_feature=44 28 37 8 4 32 42 43 33 3 43 31 37 11 3
split_gain=6.69295 10.2614 11.4595 16.531 10.1297 10.0616 9.43234 9.36081 26.1599 11.2812 15.2413 11.1947 10.9309 9.05274 7.55244
threshold=1.7287982466409808 1406.4174428994488 -2.4652626891619316 -0.36219217439200441 0.84523809523809534 3.0385453453968649 1.1994543706061147 0.4784249061896782 2.2107536725448331 0.22474245432788012 3.1122601688208364 0.38790502418818024 -11.694560039263591 2.3541666666666674 -0.54343578431242967
decision_type=2 2 2 2 2 2 2 2 2 2 2 2 2 2 2
left_child=7 2 6 -4 5 -3 -2 8 11 10 -9 -1 -11 -6 -10
right_child=1 4 3 -5 13 -7 -8 9 14 12 -12 -13 -14 -15 -16
leaf_value=-0.0035585732530349808 -0.04103356459126805 0.0059640983083895059 0.011079716760354243 -0.0069692727096176566 0.0016467580485290323 0.035399122980603874 -0.010266383701199373 0.0004401205238272529 0.043485597833602438 0.016846549050740896 -0.043739596314289524 -0.016920136036250408 -0.0019671635755599739 -0.0055268266755431781 0.0076284975550271377
leaf_weight=141.63554239273071 10.892636746168135 281.86226880550385 68.40100784599781 137.36684332042933 2322.3493531122804 10.849869772791861 50.924166738986969 7558.4262933880091 10.784932151436808 28.04785443842411 7.0241833552718154 93.894033372402191 2922.03610586375 169.8834518417716 10.417136177420614
leaf_count=465 49 885 208 505 7557 29 193 24914 29 90 35 334 10785 584 35
internal_value=0 0.00123861 -0.00437238 -0.000967753 0.00177785 0.00705735 -0.0156984 -0.000352773 -0.00601249 -0.00021456 0.000399004 -0.00888694 -0.00178813 0.00115763 0.0258941
internal_weight=0 3052.53 267.585 205.768 2784.94 292.712 61.8168 10772.3 256.732 10515.5 7565.45 235.53 2950.08 2492.23 21.2021
internal_count=46697 10010 955 713 9055 914 242 36687 863 35824 24949 799 10875 8141 64
is_linear=0
shrinkage=0.03


Tree=129
num_leaves=9
num_cat=0
split_feature=18 18 19 32 47 46 44 1
split_gain=6.62815 7.09324 12.3799 17.3297 13.2039 8.53723 9.88218 7.83479
threshold=5.1000000000000005 2.3666500000000004 2.9069765884722014 1.8047371707049955 1.0000000180025095e-35 2.4805383263098135 2.5052334276134824 2.9000000000000004
decision_type=2 2 2 2 2 2 2 2
left_child=1 5 4 -4 -3 7 -7 -1
right_child=-2 2 3 -5 -6 6 -8 -9
leaf_value=0.0002570567426109857 0.023421973974345145 -0.004300326493104991 0.0020832487312083328 0.037317420547374094 0.0035471872076119422 -0.0068819242526264165 0.023054179410508805 0.01139585761205293
leaf_weight=12201.869892477989 10.854126945137976 1013.4632193148136 56.424035608768463 16.160442128777504 238.29814854264259 219.40880214422941 10.380874022841452 57.089456409215927
leaf_count=40947 35 3635 207 48 791 827 30 177
internal_value=0 -1.98098e-05 -0.00210747 0.00993609 -0.00280614 0.000201549 -0.00552729 0.000308963
internal_weight=0 13813.1 1324.35 72.5845 1251.76 12488.7 229.79 12259
internal_count=46697 46662 4681 255 4426 41981 857 41124
is_linear=0
shrinkage=0.03


Tree=130
num_leaves=8
num_cat=0
split_feature=19 12 30 45 2 38 36
split_gain=6.57138 6.5082 7.0014 6.52669 11.0908 7.56094 5.3247
threshold=24.528295167273704 2.1250000000000004 1.0000000180025095e-35 0.35678081714945892 0.59780375787669404 -1.016590586055474 2.5082160731081564
decision_type=2 2 2 2 2 2 2
left_child=1 2 -1 4 -3 -5 -2
right_child=6 3 -4 5 -6 -7 -8
leaf_value=-0.003585679635836466 -0.034482712912956189 0.0033291894940182224 0.033158495717894594 -0.0010393450020119701 0.029242654944401203 0.00044239408949525564 0.0056769532098144707
leaf_weight=8.0975359231233615 8.8692859187722188 140.53073631227016 10.957845747470854 4763.9458165094256 16.620231978595257 8870.1357145532966 4.4443485811352721
leaf_count=25 81 466 27 16340 59 29662 37
internal_value=0 1.89577e-05 0.0175347 -5.23483e-06 0.00607338 -7.53254e-05 -0.0210599
internal_weight=0 13810.3 19.0554 13791.2 157.151 13634.1 13.3136
internal_count=46697 46579 52 46527 525 46002 118
is_linear=0
shrinkage=0.03


Tree=131
num_leaves=8
num_cat=0
split_feature=27 27 31 9 43 18 5
split_gain=6.47586 6.54624 15.9075 16.3501 13.3909 8.96077 8.36492
threshold=0.8500000000000002 0.47222222222222227 0.59597620821415498 -0.025426942416943137 1.2369892167145353 5.1000000000000005 2.3541666666666674
decision_type=2 2 2 2 2 2 2
left_child=1 5 3 -3 -4 6 -1
right_child=-2 2 4 -5 -6 -7 -8
leaf_value=-0.00029808462450990841 -0.023781159055574732 0.0032634301377077518 0.0066757935665437721 -0.014928031081595293 0.00032236562751410271 0.02788666409454011 0.008016730813865957
leaf_weight=12310.26986593008 10.289084896445273 83.810984894633293 547.92494846880436 94.649536341428757 656.25152239948511 10.203633949160574 109.8526072204113
leaf_count=41759 38 261 1676 324 2251 32 356
internal_value=0 1.64033e-05 0.00197463 -0.00638333 0.00321359 -0.00020139 -0.000224512
internal_weight=0 13813 1382.64 178.461 1204.18 12430.3 12420.1
internal_count=46697 46659 4512 585 3927 42147 42115
is_linear=0
shrinkage=0.03


Tree=132
num_leaves=16
num_cat=0
split_feature=2 2 1 35 37 24 37 3 8 46 29 8 18 2 31
split_gain=6.44938 15.2149 15.1344 13.2116 13.1578 11.6451 11.4864 10.3474 9.78984 14.4401 17.4182 9.15451 20.1325 9.19072 5.32628
threshold=-0.72616929180999212 -0.7418094041945037 2.4500000000000006 -4.41105512109334 -5.3277696888662822 0.36666666666666675 -4.15628299444736 -0.70591523078107266 -1.2962707042673038 1.3336099311791656 1444.3537606262419 -0.76193711078675253 1.9000000000000001 -0.41441100938884068 1.0321764291542321
decision_type=2 2 2 2 2 2 2 2 2 2 2 2 2 2 2
left_child=1 2 4 7 -1 -4 -5 -3 9 14 -11 12 -10 -13 -2
right_child=8 3 5 6 -6 -7 -8 -9 11 10 -12 13 -14 -15 -16
leaf_value=-0.0099832260418565855 0.052476359362449855 0.01042326173416931 0.0068906372000287312 0.050431744416682037 0.0014596609994352628 0.039172073586107879 0.014559676475229096 -0.042513335817736288 -0.0015761889614900901 0.023024357498450755 -0.036075232244823147 -0.0020476829130161912 -0.016211902746508411 0.00030591734922340682 0.017277132886348811
leaf_weight=98.906130164861679 8.764193192124365 7.3764095902442932 28.176448747515678 9.158747270703314 1054.9993752241135 15.660180762410162 65.647879332304001 6.0239003002643567 663.81777618825436 10.472832873463632 7.8375618606805793 1755.7423997372389 96.944769456982613 9986.522168956697 7.0034881532192221
leaf_count=346 20 23 90 22 3392 41 196 24 2332 32 32 5818 352 33954 23
internal_value=0 0.00202202 0.00113614 0.0140463 0.000478505 0.018436 0.0189617 -0.0133651 -0.000208831 0.0158463 -0.00226208 -0.000252627 -0.00344182 -4.59767e-05 0.0368819
internal_weight=0 1285.95 1197.74 88.2069 1153.91 43.8366 74.8066 13.4003 12537.1 34.0781 18.3104 12503 760.763 11742.3 15.7677
internal_count=46697 4134 3869 265 3738 131 218 47 42563 107 64 42456 2684 39772 43
is_linear=0
shrinkage=0.03


Tree=133
num_leaves=13
num_cat=0
split_feature=16 28 29 45 28 8 8 38 12 9 41 6
split_gain=6.42007 14.5797 16.4111 16.0611 15.2456 9.58153 9.19284 9.18735 7.49606 6.93126 17.1649 9.16253
threshold=0.90000000000000013 1503.4892027455792 1594.75237167618 1.880127668095896 1522.9268964222122 -0.0040478150461297378 0.04052668541388988 2.0411587857920273 1.8650000000000002 -0.45929328410919013 1.474300440125903 0.63333333333333341
decision_type=2 2 2 2 2 2 2 2 2 2 2 2
left_child=8 3 4 5 -3 -2 -5 -4 -1 10 -10 -11
right_child=1 2 7 6 -6 -7 -8 -9 9 11 -12 -13
leaf_value=0.0288687439753696 0.013654029883095484 -0.020173614121378483 0.037404376174498939 -0.0019670539316036639 -0.00034382044793406739 0.0026725477367264658 -0.042089237480518689 -0.0058470342677488813 -0.0029075054198444165 0.0020567094338850207 0.0039675891569418932 -0.00022987350941232218
leaf_weight=8.0097923874855024 171.48208451271057 50.784888684749603 12.835831478238108 13.106883630156519 111.57080978155136 122.79336985945702 8.4639000892639142 6.7183783948421469 1821.6672092080116 1903.7602032423019 398.25202507525682 9193.4692845493555
leaf_count=21 472 174 31 40 364 365 33 21 6444 6373 1327 31032
internal_value=0 0.00334387 -0.00342036 0.00724062 -0.00654929 0.00907301 -0.0177362 0.0225335 -0.000126236 -0.000143719 -0.00167397 0.000162371
internal_weight=0 497.756 181.91 315.846 162.356 294.275 21.5708 19.5542 13325.2 13317.1 2219.92 11097.2
internal_count=46697 1500 590 910 538 837 73 52 45197 45176 7771 37405
is_linear=0
shrinkage=0.03


Tree=134
num_leaves=16
num_cat=0
split_feature=15 42 29 35 17 42 35 44 14 3 22 16 9 10 12
split_gain=6.3621 13.4017 20.0248 18.113 14.0993 12.9364 14.8902 13.0356 8.19511 12.1081 11.1093 10.387 15.411 8.60133 7.91338
threshold=0.90000000000000013 0.9728310755412829 1491.2599289492382 -4.2598300964128377 1.4500000000000002 1.6533807009728425 6.2878730671529421 1.8622426900259998 1.5000000000000002 -1.1513668007940343 1.0393699128313232 1.0000000180025095e-35 2.3694218617418583 0.89444444444444449 3.3950000000000005
decision_type=2 2 2 2 2 2 2 2 2 2 2 2 2 2 2
left_child=8 2 3 -2 -4 7 -7 -3 9 14 -11 12 -10 -13 -1
right_child=1 5 4 -5 -6 6 -8 -9 11 10 -12 13 -14 -15 -16
leaf_value=0.0090673678617017462 -0.025059359618144081 -0.0071338301028699182 0.019379538535640884 0.021083398283652625 -0.011226037279734064 0.0016251896806761769 -0.032855118384058524 -0.028181246199990587 -0.0017556235759576 -0.015470427206758239 0.0022023384992819004 0.0019559023120541449 0.044247047857682006 -0.00018817497561614228 0.049727111616462837
leaf_weight=9.8602105379104632 8.6076440438628179 270.55443304032087 16.867719396948814 68.367738761007786 68.556140772998333 241.21623100340366 11.8145559951663 29.364668667316437 2989.2744984850287 32.646706372499466 1614.1367121636868 2322.4658048525453 6.5579469650983802 6124.155664652586 7.6792036890983573
leaf_count=29 38 1148 50 248 279 1010 58 117 10914 177 5190 7512 19 19889 19
internal_value=0 -0.00275623 0.00481955 0.0159171 -0.00517762 -0.0049818 1.2809e-05 -0.00919642 0.000149123 0.00211607 0.00185171 -0.000136948 -0.00165468 0.000401322 0.0269045
internal_weight=0 715.349 162.399 76.9754 85.4239 552.95 253.031 299.919 13106.8 1664.32 1646.78 11442.5 2995.83 8446.62 17.5394
internal_count=46697 2948 615 286 329 2333 1068 1265 43749 5415 5367 38334 10933 27401 48
is_linear=0
shrinkage=0.03


Tree=135
num_leaves=16
num_cat=0
split_feature=2 19 27 42 17 8 43 1 45 33 45 35 9 40 27
split_gain=6.25412 19.275 12.8843 12.2578 23.2652 11.6816 10.6273 15.7748 13.3421 10.4955 14.034 9.83043 7.87596 4.51034 3.84557
threshold=1.0000000180025095e-35 9.5999987942401557 0.38750000000000007 1.9857460715889228 0.70835000000000015 1.8296924814796209 0.95844984912584352 2.1000000000000005 0.92424097515194903 2.5106929527513668 2.324148931037771 -8.981496811855866 0.12968840795606515 0.60618583289625116 0.23611111111111113
decision_type=2 2 2 2 2 2 2 2 2 2 2 2 2 2 2
left_child=1 6 3 5 -5 -2 8 -8 -1 11 -11 -4 13 -3 -14
right_child=2 12 9 4 -6 -7 7 -9 -10 10 -12 -13 14 -15 -16
leaf_value=-0.0046634770073380747 -0.0021893998122894309 -0.039142621702033871 -0.014130759452572243 0.014630758961719774 -0.00045206694205967147 -0.027088091336087822 0.0010012781590440028 0.007909397286265489 0.00025336005500908366 -0.045099831849145317 0.0086905740004807174 0.0024903387706680957 0.028092345371862358 -0.017124660778286373 -0.01177647855135081
leaf_weight=643.06284406781197 3485.2048719078302 11.457499273121355 32.828234352171421 112.06668481975794 514.68823469430208 17.033916592597961 5162.2462034076452 315.70391301810741 2181.7789950594306 9.8120054155588168 7.8383355587720862 1286.8417037725449 4.3746531605720502 31.570487536489964 4.3046675845980644
leaf_count=2104 12435 67 139 360 1951 70 16819 992 7099 41 25 4391 19 163 22
internal_value=0 0.000514952 -0.000790206 -0.00161914 0.00224452 -0.00231066 0.000628714 0.00139947 -0.000865843 0.0017689 -0.0212037 0.00207654 -0.0177428 -0.0230023 0.00829335
internal_weight=0 8354.5 5466.31 4128.99 626.755 3502.24 8302.79 5477.95 2824.84 1337.32 17.6503 1319.67 51.7073 43.028 8.67932
internal_count=46697 27285 19412 14816 2311 12505 27014 17811 9203 4596 66 4530 271 230 41
is_linear=0
shrinkage=0.03


Tree=136
num_leaves=13
num_cat=0
split_feature=46 3 38 33 20 2 34 26 18 3 35 31
split_gain=6.24619 11.5655 18.3102 17.582 14.3014 10.3433 12.0091 11.8308 8.52124 7.99115 14.5741 10.7803
threshold=0.79504143550448536 -0.5743984593818362 -0.6718582663254663 1.0233644361040919 0.3031832582446487 -0.72616929180999212 0.79075920966573776 1.0000000180025095e-35 5.1000000000000005 0.2247424543278799 -1.2603291633123035 0.78138601515754369
decision_type=2 2 2 2 2 2 2 2 2 2 2 2
left_child=1 2 3 -1 -4 6 -3 -7 9 11 -11 -2
right_child=8 5 4 -5 -6 7 -8 -9 -10 10 -12 -13
leaf_value=-0.023671398225208671 -0.0017773582232629998 0.0053579834828304303 -0.012447425537762308 0.021390815076584156 0.011188735931998218 -0.0030668560400640807 0.030086923243880008 0.0033639683222534125 0.030291321320266289 0.0014090712465527852 -0.0030197659537988001 0.00073756634267903352
leaf_weight=9.8301265686750394 1968.2651333734393 59.113167136907578 155.91656894981861 37.376368463039398 27.012317955493927 328.8375780582428 25.231681883335114 1185.5444556102157 8.2058601677417737 986.27372807264328 2076.4318700283766 6952.0106321275234
leaf_count=36 6445 189 573 120 77 1149 70 3856 24 3480 7749 22929
internal_value=0 0.00163184 -0.00465551 0.0119978 -0.00895512 0.00253711 0.0127619 0.00196735 -0.000250343 -0.000271308 -0.00159346 0.000182611
internal_weight=0 1828.86 230.135 47.2065 182.929 1598.73 84.3448 1514.38 11991.2 11983 3062.71 8920.28
internal_count=46697 6070 806 156 650 5264 259 5005 40627 40603 11229 29374
is_linear=0
shrinkage=0.03


Tree=137
num_leaves=10
num_cat=0
split_feature=19 19 2 44 18 13 9 5 10
split_gain=6.20623 6.23735 13.6487 14.9961 13.6859 7.18274 16.8284 7.27159 5.34674
threshold=24.528295167273704 0.29687473097662997 0.14937377706689672 1.3173268413678259 4.1000000000000005 1.6250000000000002 0.5628119690116099 2.3541666666666674 0.68333333333333346
decision_type=2 2 2 2 2 2 2 2 2
left_child=1 2 3 -1 -4 6 -3 -7 -2
right_child=8 5 4 -5 -6 7 -8 -9 -10
leaf_value=-0.0084208254679232278 0.0066925249720298681 -0.0057431307289400688 -0.01472531430404863 0.0023556343096045348 0.033848018404944565 5.5447841568647268e-05 0.028934131179278018 0.0080758842612991249 -0.034105587387312085
leaf_weight=166.0528676211834 4.2920058295130721 25.347805619239807 106.81193256378174 387.12042916566133 5.4760737568140021 12988.082873106003 24.995948687195778 102.5305427312851 8.7593049407005292
leaf_count=664 33 91 450 1497 20 43461 76 320 85
internal_value=0 1.83043e-05 -0.00281521 -0.00087882 -0.012351 0.000161819 0.0114707 0.000118296 -0.0206711
internal_weight=0 13806.4 665.461 553.173 112.288 13141 50.3438 13090.6 13.0513
internal_count=46697 46579 2631 2161 470 43948 167 43781 118
is_linear=0
shrinkage=0.03


Tree=138
num_leaves=8
num_cat=0
split_feature=27 21 38 37 5 21 25
split_gain=6.14907 6.08717 7.89886 9.50928 7.26347 14.929 7.36006
threshold=0.8500000000000002 0.35392925662182195 4.3168471142080884 -1.9980050114735375 0.2678571428571429 0.37038342587580969 1.0000000180025095e-35
decision_type=2 2 2 2 2 2 2
left_child=1 2 3 -1 5 -3 -6
right_child=-2 4 -4 -5 6 -7 -8
leaf_value=-0.0056432850288934844 -0.023217731778330974 -0.030736227547784514 -0.025472965492201679 0.010319618172558376 -0.0029906040740196645 0.0080482037708945464 3.4431210315457415e-05
leaf_weight=44.053113013505936 10.249740391969679 9.4228482097387296 7.2040703743696204 141.01074694097042 767.71041706949472 167.52333071827888 12671.823830418289
leaf_count=140 38 34 25 407 2786 553 42714
internal_value=0 1.60063e-05 0.00531655 0.00651804 -5.88205e-05 0.00597952 -0.000138349
internal_weight=0 13808.7 192.268 185.064 13616.5 176.946 13439.5
internal_count=46697 46659 572 547 46087 587 45500
is_linear=0
shrinkage=0.03


Tree=139
num_leaves=15
num_cat=0
split_feature=16 27 11 34 8 17 11 9 18 33 17 32 9 24
split_gain=6.01931 15.0259 11.8977 19.0307 11.7837 12.5947 11.4059 10.4554 14.6134 13.3344 11.3412 10.5252 14.3803 12.2736
threshold=0.55000000000000016 0.13392857142857145 0.76388888888888895 0.80720376889614265 -0.92852332423620321 1.0000000180025095e-35 2.8452380952380958 -0.45929328410919013 2.6333500000000005 1.4677551542032834 0.29165000000000002 0.99080377208390991 -0.076526005614865708 0.77500000000000013
decision_type=2 2 2 2 2 2 2 2 2 2 2 2 2 2
left_child=7 4 3 -3 -2 -6 -4 8 9 -1 -10 12 -9 -13
right_child=1 2 6 -5 5 -7 -8 11 10 -11 -12 13 -14 -15
leaf_value=-0.0029143247960317009 -0.038717944660127242 0.0011757844786203253 0.0034356580906241977 -0.032422817869551805 0.016431109274652862 -0.0042371150724929852 -0.026811626481946425 -0.0016928947564961512 0.0091018712384994521 0.0041161154318927577 -0.023126641560169303 -0.00061586713892884584 0.003224175573539967 0.0095672065008752302
leaf_weight=1561.5033911168575 8.3979609012603742 48.348895728588104 1638.3957847952843 22.090145260095596 28.432470679283142 394.85461732745171 11.285497918725012 759.23869493603706 12.258818969130514 287.46643891185522 49.18939857929945 7074.842741779983 1814.32531927526 108.14202228188515
leaf_count=5611 33 148 4970 81 81 1284 42 2771 40 972 191 23996 6135 342
internal_value=0 0.00145671 0.00271268 -0.00935981 -0.00354714 -0.00284775 0.00322839 -0.00027011 -0.00229965 -0.0018211 -0.0166918 0.000127263 0.00177345 -0.000462503
internal_weight=0 2151.81 1720.12 70.439 431.685 423.287 1649.68 11667 1910.42 1848.97 61.4482 9756.55 2573.56 7182.98
internal_count=46697 6639 5241 229 1398 1365 5012 40058 6814 6583 231 33244 8906 24338
is_linear=0
shrinkage=0.03


Tree=140
num_leaves=16
num_cat=0
split_feature=45 41 7 43 35 43 24 38 8 9 34 22 30 3 3
split_gain=5.92981 10.0298 13.2581 8.87069 14.5374 13.6082 8.10609 6.9744 15.578 14.7676 14.1325 11.472 11.2558 10.0965 4.97255
threshold=0.35678081714945892 1.0000000180025095e-35 2.1000000000000005 1.584999506892147 2.5520134870848556 1.8652428480806058 0.36666666666666675 -1.016590586055474 0.14814379695154475 0.82102995849665206 0.8356079700061253 1.1295787205333352 -21.84309105381919 0.76834708094249327 -0.0061978727274122512
decision_type=2 2 2 2 2 2 2 2 2 2 2 2 2 2 2
left_child=1 3 6 4 -1 -5 -3 8 9 -2 -10 13 -13 -9 -4
right_child=7 2 14 5 -6 -7 -8 11 10 -11 -12 12 -14 -15 -16
leaf_value=-0.0026882258257170197 -0.0019096642568653607 0.027512663114835755 -0.02245798075124205 0.043906627585123814 -0.051507581200207195 -0.01211982243988873 0.0060784913600848787 -0.007336759817023952 -0.004472003447418528 -0.023281645412573444 0.0031523103761489095 -0.00046805642398322093 0.001729178514981418 0.0018411428170780348 0.0081753340669903397
leaf_weight=50.04844081401825 3346.658570215106 40.276705481112003 10.952356889843943 8.2629064768552762 6.1587347090244284 7.3659708723425856 26.290619447827339 307.2673070654273 271.5458165705204 29.346159219741821 1125.973751693964 3999.8005703389645 4413.3421094864607 166.16286221146584 8.4159313291311246
leaf_count=169 11576 122 42 22 26 32 86 1497 950 109 3773 12971 14432 860 30
internal_value=0 0.00578134 0.012697 -0.00248817 -0.00805101 0.017491 0.019054 -6.79977e-05 -0.000992917 -0.0020956 0.00167063 0.0004288 0.000684528 -0.00411493 -0.00913433
internal_weight=0 157.772 85.9356 71.8361 56.2072 15.6289 66.5673 13660.1 4773.52 3376 1397.52 8886.57 8413.14 473.43 19.3683
internal_count=46697 529 280 249 195 54 208 46168 16408 11685 4723 29760 27403 2357 72
is_linear=0
shrinkage=0.03


Tree=141
num_leaves=13
num_cat=0
split_feature=46 11 38 43 30 25 28 8 26 46 37 4
split_gain=5.97734 12.8897 16.4825 13.8472 12.9179 12.0108 11.6083 11.081 8.42142 13.1675 10.7866 8.23059
threshold=0.79504143550448536 1.0500000000000003 -7.7147966471030252 0.45323462263566466 -146.0198578239019 0.58571428571428574 1534.6867108060578 -1.0968567509027696 1.0000000180025095e-35 0.49929502464589554 0.072460453473604511 2.2928571428571431
decision_type=2 2 2 2 2 2 2 2 2 2 2 2
left_child=7 3 11 4 -2 -5 -4 -1 10 -10 -9 -3
right_child=1 2 6 5 -6 -7 -8 8 9 -11 -12 -13
leaf_value=0.029338302337417289 -0.003421137298859712 0.011191446719851924 0.00070704414663640797 -0.003039238631536064 -0.044974498415516387 0.012032123080419371 -0.0014329447680960525 0.0074151314092915661 -0.0030294292247849673 0.0040068883118626573 -0.0048901447960994293 0.043927875423172148
leaf_weight=12.858359217643736 13.483606964349748 57.397614434361458 7142.1598319560289 1352.8805144429207 13.476529061794279 49.307326629757881 3352.023228302598 80.067130997776985 305.1799386292696 1109.0788789913058 321.34830904752016 7.8620040118694297
leaf_count=36 49 186 22980 4633 53 149 12553 268 1033 3592 1141 24
internal_value=0 -0.000244895 0.000116969 -0.00291877 -0.0242125 -0.00250896 2.34654e-05 0.0015965 0.00139971 0.00248831 -0.00243484 0.015146
internal_weight=0 11988.6 10559.4 1429.15 26.9601 1402.19 10494.2 1828.53 1815.67 1414.26 401.415 65.2596
internal_count=46697 40627 35743 4884 102 4782 35533 6070 6034 4625 1409 210
is_linear=0
shrinkage=0.03


Tree=142
num_leaves=16
num_cat=0
split_feature=44 28 37 8 45 4 45 43 6 33 20 32 25 11 32
split_gain=5.91303 9.71269 10.8598 16.163 11.7243 9.40722 11.1892 8.58686 16.3306 12.4701 10.1244 12.0113 10.4698 8.49691 8.09363
threshold=1.7287982466409808 1406.4174428994488 -3.2914435076935429 -0.36219217439200441 1.204198360829166 0.84523809523809534 2.2466373878453889 0.53123018255463905 2.1000000000000005 2.2107536725448331 0.29482461564892043 2.408623260066125 0.43650793650793657 2.3541666666666674 1.604658362958759
decision_type=2 2 2 2 2 2 2 2 2 2 2 2 2 2 2
left_child=7 2 4 -4 -2 6 -3 8 9 -1 12 -12 -9 -7 -10
right_child=1 5 3 -5 -6 13 -8 10 14 -11 11 -13 -14 -15 -16
leaf_value=-0.0079922801001453946 -0.031158483500321972 0.0082955952574508551 0.010161067573874442 -0.0071651135692962767 -0.00089444118432756845 0.0015642141965452119 -0.015812103350139897 -0.0010013622765563497 0.0071600156818074669 0.015621981471718435 0.0018417677788426857 -0.037780235165622129 0.002472461989212086 -0.0053895159579285066 0.043553191745892894
leaf_weight=325.76869373768568 25.470813617110252 274.5078924447298 71.856227695941925 148.72732254862785 21.067201972007751 2322.1662773564458 18.477599307894707 7453.0480846017599 18.716146886348728 21.434428423643112 2058.5306043326855 6.898383527994155 872.17876382172108 169.68196656554937 7.7978003323078147
leaf_count=1100 105 841 219 550 81 7557 73 26272 62 67 6271 26 2867 584 22
internal_value=0 0.00116437 -0.00429967 -0.00151946 -0.0174679 0.0016886 0.00677369 -0.000331657 -0.00479943 -0.00653319 -0.000170933 0.00170911 -0.000637394 0.00109056 0.017887
internal_weight=0 3051.96 267.122 220.584 46.538 2784.83 292.985 10764.4 373.717 347.203 10390.7 2065.43 8325.23 2491.85 26.5139
internal_count=46697 10010 955 769 186 9055 914 36687 1251 1167 35436 6297 29139 8141 84
is_linear=0
shrinkage=0.03


Tree=143
num_leaves=8
num_cat=0
split_feature=19 12 30 45 2 38 36
split_gain=5.89018 5.82898 6.72569 5.87425 10.0419 6.56955 5.32984
threshold=24.528295167273704 2.1250000000000004 1.0000000180025095e-35 0.35678081714945892 0.59780375787669404 -1.016590586055474 2.5082160731081564
decision_type=2 2 2 2 2 2 2
left_child=1 2 -1 4 -3 -5 -2
right_child=6 3 -4 5 -6 -7 -8
leaf_value=-0.0040088911859232712 -0.034208128692364288 0.003131846987583814 0.032183148158711504 -0.00097075682965260457 0.027651885790992276 0.00041093590843334598 0.0065585594733012093
leaf_weight=8.0573582500219363 8.4550808966159803 140.56943951547146 10.777801319956778 4759.5816028937697 16.829583808779716 8866.5681842193007 4.3584917709231368
leaf_count=25 81 466 27 16340 59 29662 37
internal_value=0 1.76964e-05 0.016691 -5.07787e-06 0.0057571 -7.16644e-05 -0.0203238
internal_weight=0 13802.4 18.8352 13783.5 157.399 13626.1 12.8136
internal_count=46697 46579 52 46527 525 46002 118
is_linear=0
shrinkage=0.03


Tree=144
num_leaves=9
num_cat=0
split_feature=27 15 42 29 37 14 3 16
split_gain=5.80476 5.85196 12.399 18.8212 13.2918 8.21594 11.2079 9.62401
threshold=0.8500000000000002 0.90000000000000013 0.9728310755412829 1491.2599289492382 -9.4411596794964669 1.5000000000000002 -1.1513668007940343 1.0000000180025095e-35
decision_type=2 2 2 2 2 2 2 2
left_child=1 5 3 -3 -4 6 -1 -7
right_child=-2 2 4 -5 -6 7 -8 -9
leaf_value=0.025940677019838883 -0.022603467884721333 0.015373063804849565 0.04108840818689944 -0.0050674461364534351 -0.0052504931612314398 -0.0015877812542574071 0.0018793500082929643 0.0003920801622881469
leaf_weight=17.602997526526451 10.20879092812538 77.281743362545967 5.6172372400760642 85.231036879122257 545.5923368781805 2992.9093369022012 1637.066947504878 8443.3363466337323
leaf_count=48 38 286 19 329 2314 10933 5331 27399
internal_value=0 1.55738e-05 -0.00262971 0.00465139 -0.00477698 0.000159821 0.00213566 -0.000126032
internal_weight=0 13804.6 713.722 162.513 551.21 13090.9 1654.67 11436.2
internal_count=46697 46659 2948 615 2333 43711 5379 38332
is_linear=0
shrinkage=0.03


Tree=145
num_leaves=15
num_cat=0
split_feature=2 2 1 4 17 35 9 3 8 35 38 2 36 2
split_gain=5.74363 14.3219 13.8615 12.4767 12.3267 12.3237 10.7595 9.83816 9.1175 13.4614 8.88999 8.36141 15.6256 8.99776
threshold=-0.72616929180999212 -0.7418094041945037 2.4500000000000006 1.2928571428571431 2.7083500000000007 -4.41105512109334 -0.69839247851176778 -0.70591523078107266 -1.2962707042673038 1.4417643324485427 -0.64174788645685787 -0.42791119435767017 -1.0000000180025095e-35 1.0000000180025095e-35
decision_type=2 2 2 2 2 2 2 2 2 2 2 2 2 2
left_child=1 2 4 -4 -1 7 -7 -3 9 10 -2 12 -10 -13
right_child=8 5 3 -5 -6 6 -8 -9 11 -11 -12 13 -14 -15
leaf_value=-2.20696912725947e-05 0.0093796831322040548 0.010193649628703881 0.02791276642330447 -0.0071133402970645016 0.022270215945725421 -0.018965095999674261 0.021765002606260957 -0.04153126912026938 -0.0047057632815753932 -0.014308634440786373 0.045731667765361833 0.00096627002500873052 0.00090103473340967164 -0.00077455056695672597
leaf_weight=1130.7830150723457 12.336575821042061 7.3731685876846313 31.002340286970139 12.963071718811987 22.763580247759819 6.3646557182073584 68.581652790307999 5.9805564880371076 973.8806596249342 9.8238483220338804 11.940435647964478 5243.3675071746111 827.27908402681351 5449.309329174459
leaf_count=3671 39 23 87 44 67 22 196 24 3281 37 31 17114 2689 19372
internal_value=0 0.00190831 0.00104823 0.0175793 0.000417766 0.0135677 0.0183 -0.012963 -0.000197121 0.0152917 0.0272829 -0.000239433 -0.00213038 7.90676e-05
internal_weight=0 1285.81 1197.51 43.9654 1153.55 88.3 74.9463 13.3537 12527.9 34.1009 24.277 12493.8 1801.16 10692.7
internal_count=46697 4134 3869 131 3738 265 218 47 42563 107 70 42456 5970 36486
is_linear=0
shrinkage=0.03


Tree=146
num_leaves=12
num_cat=0
split_feature=21 22 44 38 37 12 19 5 21 25 12
split_gain=5.6639 14.588 17.0193 7.47971 8.89972 13.6249 9.0958 7.00947 10.3717 7.34141 6.66818
threshold=0.35392925662182195 1.5826454264531542 1.1817818379103546 4.3168471142080884 -1.9980050114735375 2.8950000000000005 0.98688253439459384 0.2678571428571429 0.37754827033068994 1.0000000180025095e-35 2.8750000000000004
decision_type=2 2 2 2 2 2 2 2 2 2 2
left_child=3 7 -3 4 5 -1 -6 8 -2 -9 -4
right_child=1 2 10 -5 6 -7 -8 9 -10 -11 -12
leaf_value=-0.035405498671411052 -0.014390326101182949 0.0066274928903138726 -0.018622478879137917 -0.024863304494544516 0.020868808883198121 0.0038097670648590464 0.0046326248810793051 -0.0029519116493780711 0.0085124999407407888 6.6992910196920938e-05 -0.056264416079170342
leaf_weight=10.441374242305754 20.059720441699028 11.718426585197451 7.4684114456176784 7.1977400928735724 46.222267374396324 33.592028647661209 94.823130071163177 769.04567618668079 156.57667245715857 12646.291389234364 9.9094623178243619
leaf_count=38 67 34 25 25 124 102 283 2795 518 42646 40
internal_value=0 -7.33045e-05 -0.0212892 0.0051117 0.00628033 -0.00548823 0.00995665 -2.78501e-05 0.00590917 -0.000106048 -0.0401245
internal_weight=0 13621.1 29.0963 192.277 185.079 44.0334 141.045 13592 176.636 13415.3 17.3779
internal_count=46697 46125 99 572 547 140 407 46026 585 45441 65
is_linear=0
shrinkage=0.03


Tree=147
num_leaves=10
num_cat=0
split_feature=19 19 37 5 6 46 37 5 46
split_gain=5.60639 5.62176 13.6282 15.0602 12.1811 7.38089 11.4505 8.91568 5.31474
threshold=24.528295167273704 0.29687473097662997 1.4056404998402969 0.5634920634920636 3.1000000000000005 0.79504143550448536 -5.7861181406184405 2.3541666666666674 1.2945884653156743
decision_type=2 2 2 2 2 2 2 2 2
left_child=1 2 4 -4 -1 6 -3 -7 -2
right_child=8 5 3 -5 -6 7 -8 -9 -10
leaf_value=-0.0061814881733277234 0.0069161925950959342 0.015057280907040248 0.028924058918013022 0 -0.041652860765725712 -0.00018240319272444532 0.0015829626107329263 0.0090948093372656084 -0.034061466451675966
leaf_weight=306.72150450944901 4.3187952488660803 58.999662131071091 17.024439975619316 331.40426477044821 8.9619545191526395 11488.748644195497 1494.7213895171881 93.983329638838768 8.2799882143735868
leaf_count=1246 36 176 52 1287 46 38668 4812 292 82
internal_value=0 1.71645e-05 -0.00267573 0.00141417 -0.00719072 0.000153328 0.00209491 -0.000107093 -0.0199964
internal_weight=0 13800.6 664.112 348.429 315.683 13136.5 1553.72 11582.7 12.5988
internal_count=46697 46579 2631 1339 1292 43948 4988 38960 118
is_linear=0
shrinkage=0.03


Tree=148
num_leaves=10
num_cat=0
split_feature=12 30 15 35 3 42 21 2 14
split_gain=5.50676 6.40592 5.67367 12.1775 11.0618 11.047 7.08553 7.06062 6.84733
threshold=2.1250000000000004 1.0000000180025095e-35 0.90000000000000013 6.9958715716461946 0.48666002420898308 0.9728310755412829 0.85142565838410211 0.36305206451147987 1.5000000000000002
decision_type=2 2 2 2 2 2 2 2 2
left_child=1 -1 6 5 -5 -4 8 -8 -2
right_child=2 -3 3 4 -6 -7 7 -9 -10
leaf_value=-0.0038873488762940413 0.0019493609888111517 0.03150691165950846 0.0049472950767097254 -0.040594134299838568 0.01531900602195667 -0.0040706729295446695 0.011722847454416698 -0.025150349233816958 -0.00011304760174072005
leaf_weight=8.0650035142898577 1659.7513880357146 10.660040825605391 158.46773418039083 13.383180648088457 4.1629399731755248 534.60790468752384 6.222420975565913 18.59578550606966 11398.523675560951
leaf_count=25 5387 27 598 62 18 2264 40 161 38115
internal_value=0 0.0162524 -2.31744e-05 -0.00263382 -0.0273101 -0.00200829 0.000118605 -0.0158924 0.00014907
internal_weight=0 18.725 13793.7 710.622 17.5461 693.076 13083.1 24.8182 13058.3
internal_count=46697 52 46645 2942 80 2862 43703 201 43502
is_linear=0
shrinkage=0.03


Tree=149
num_leaves=15
num_cat=0
split_feature=44 43 41 31 5 6 6 41 34 33 5 45 7 45
split_gain=5.54053 8.35686 24.479 11.4558 10.0386 16.5514 11.0786 8.25329 16.7772 13.3985 11.7172 11.1782 16.7877 12.2662
threshold=1.7287982466409808 0.4784249061896782 2.6743018196091519 0.38790502418818024 0.21111111111111114 0.77500000000000013 1.1000000000000003 1.573755270559767 1.0037173356632327 1.3964269474563618 1.5857142857142861 1.3260929966874349 2.5500000000000003 1.6512648309803224
decision_type=2 2 2 2 2 2 2 2 2 2 2 2 2 2
left_child=1 2 3 -1 5 -3 -6 11 10 -10 -9 12 -2 -13
right_child=7 4 -4 -5 6 -7 -8 8 9 -11 -12 13 -14 -15
leaf_value=-0.0022575130671300689 0.0022375443519527137 -0.013184155233031538 0.04049931705895745 -0.015470574833180071 0.00064979658007170097 0.015004213852991397 -0.001311069392326986 0.0025190863269879352 -0.02039489620861976 0.006762119733786931 -0.0084927494997355905 -0.0067964983188047228 -0.0084936600714039159 0.004607037961737683
leaf_weight=147.89931331574917 1402.8575711548328 23.977118670940399 9.9211857020854932 98.376743748784065 5434.8511627390981 85.692059703171253 4959.3781834468246 215.81245427578688 16.751495614647865 659.6380862146616 145.62193086743355 354.50044092535973 144.71986647695303 111.58297915756702
leaf_count=484 4498 91 28 351 18554 279 16900 723 61 2120 540 1198 507 363
internal_value=0 -0.000321066 -0.00567431 -0.0075372 -0.000190463 0.00883798 -0.000285759 0.00112722 0.00330046 0.00608881 -0.00191687 6.99002e-06 0.00123379 -0.00406574
internal_weight=0 10760.1 256.197 246.276 10503.9 109.669 10394.2 3051.48 1037.82 676.39 361.434 2013.66 1547.58 466.083
internal_count=46697 36687 863 835 35824 370 35454 10010 3444 2181 1263 6566 5005 1561
is_linear=0
shrinkage=0.03


end of trees

feature_importances:
Column_16=161
Column_20=145
Column_28=86
Column_2=84
Column_21=78
Column_12=76
Column_19=74
Column_8=70
Column_35=65
Column_3=61
Column_37=54
Column_5=52
Column_9=52
Column_44=52
Column_22=50
Column_38=45
Column_46=45
Column_45=44
Column_25=41
Column_43=41
Column_27=40
Column_0=39
Column_18=39
Column_33=39
Column_41=39
Column_36=36
Column_34=35
Column_15=34
Column_17=32
Column_39=32
Column_4=31
Column_10=29
Column_11=29
Column_40=29
Column_42=28
Column_14=26
Column_30=26
Column_29=23
Column_32=19
Column_31=15
Column_1=14
Column_7=14
Column_13=11
Column_6=10
Column_24=7
Column_26=6
Column_47=3
Column_48=1
Column_51=1

parameters:
[boosting: gbdt]
[objective: binary]
[metric: binary_logloss]
[tree_learner: serial]
[device_type: cpu]
[data_sample_strategy: bagging]
[data: ]
[valid: ]
[num_iterations: 150]
[learning_rate: 0.03]
[num_leaves: 16]
[num_threads: 6]
[seed: 0]
[deterministic: 0]
[force_col_wise: 0]
[force_row_wise: 0]
[histogram_pool_size: -1]
[max_depth: 4]
[min_data_in_leaf: 20]
[min_sum_hessian_in_leaf: 0.001]
[bagging_fraction: 0.7]
[pos_bagging_fraction: 1]
[neg_bagging_fraction: 1]
[bagging_freq: 0]
[bagging_seed: 3]
[feature_fraction: 0.8]
[feature_fraction_bynode: 1]
[feature_fraction_seed: 2]
[extra_trees: 0]
[extra_seed: 6]
[early_stopping_round: 0]
[first_metric_only: 0]
[max_delta_step: 0]
[lambda_l1: 0.01]
[lambda_l2: 0.01]
[linear_lambda: 0]
[min_gain_to_split: 0]
[drop_rate: 0.1]
[max_drop: 50]
[skip_drop: 0.5]
[xgboost_dart_mode: 0]
[uniform_drop: 0]
[drop_seed: 4]
[top_rate: 0.2]
[other_rate: 0.1]
[min_data_per_group: 100]
[max_cat_threshold: 32]
[cat_l2: 10]
[cat_smooth: 10]
[max_cat_to_onehot: 4]
[top_k: 20]
[monotone_constraints: ]
[monotone_constraints_method: basic]
[monotone_penalty: 0]
[feature_contri: ]
[forcedsplits_filename: ]
[refit_decay_rate: 0.9]
[cegb_tradeoff: 1]
[cegb_penalty_split: 0]
[cegb_penalty_feature_lazy: ]
[cegb_penalty_feature_coupled: ]
[path_smooth: 0]
[interaction_constraints: ]
[verbosity: -1]
[saved_feature_importance_type: 0]
[use_quantized_grad: 0]
[num_grad_quant_bins: 4]
[quant_train_renew_leaf: 0]
[stochastic_rounding: 1]
[linear_tree: 0]
[max_bin: 255]
[max_bin_by_feature: ]
[min_data_in_bin: 3]
[bin_construct_sample_cnt: 200000]
[data_random_seed: 1]
[is_enable_sparse: 1]
[enable_bundle: 1]
[use_missing: 1]
[zero_as_missing: 0]
[feature_pre_filter: 1]
[pre_partition: 0]
[two_round: 0]
[header: 0]
[label_column: ]
[weight_column: ]
[group_column: ]
[ignore_column: ]
[categorical_feature: ]
[forcedbins_filename: ]
[precise_float_parser: 0]
[parser_config_file: ]
[objective_seed: 5]
[num_class: 1]
[is_unbalance: 0]
[scale_pos_weight: 1]
[sigmoid: 1]
[boost_from_average: 1]
[reg_sqrt: 0]
[alpha: 0.9]
[fair_c: 1]
[poisson_max_delta_step: 0.7]
[tweedie_variance_power: 1.5]
[lambdarank_truncation_level: 30]
[lambdarank_norm: 1]
[label_gain: ]
[lambdarank_position_bias_regularization: 0]
[eval_at: ]
[multi_error_top_k: 1]
[auc_mu_weights: ]
[num_machines: 1]
[local_listen_port: 12400]
[time_out: 120]
[machine_list_filename: ]
[machines: ]
[gpu_platform_id: -1]
[gpu_device_id: -1]
[gpu_use_dp: 0]
[num_gpu: 1]

end of parameters

pandas_categorical:null
